Timestamp (ms), Piezo Value Left, Piezo Value Right, Flex Value Middle,Label,,
0,122,66,761, left,,
110,118,63,761, left,,
222,118,66,761, left,Baseline Left Piezo,54.65686591
334,124,64,760, left,Baseline Right Piezo,67.16478191
446,117,64,760, left,Baseline Flex Sensor,763.9340872
560,118,66,761, left,,
672,117,64,760, left,,
784,116,65,761, left,,
896,118,65,761, left,,
1008,117,64,760, left,,
1121,120,66,760, left,,
1234,115,65,761, left,,
1347,117,64,759, left,,
1460,116,66,761, left,,
1573,112,65,761, left,,
1686,118,64,760, left,,
1799,119,66,761, left,,
1912,112,64,761, left,,
2025,115,64,760, left,,
2138,117,66,761, left,,
2251,111,64,761, left,,
2364,112,65,761, left,,
2477,110,66,761, left,,
2590,86,64,760, left,,
2701,59,65,761, right,,
2815,0,64,761, left,,
2925,1,61,761, right,,
3035,61,63,761, right,,
3147,158,61,759, left,,
3260,132,63,760, left,,
3373,104,62,760, left,,
3486,139,61,760, left,,
3599,142,64,760, left,,
3712,114,64,760, left,,
3825,108,63,760, left,,
3938,114,66,760, left,,
4051,115,64,760, left,,
4164,114,64,761, left,,
4277,107,66,760, left,,
4390,116,64,760, left,,
4503,117,64,760, left,,
4616,114,66,760, left,,
4729,114,64,760, left,,
4842,116,64,761, left,,
4955,116,66,761, left,,
5070,116,64,760, left,,
5183,117,64,760, left,,
5296,117,66,760, left,,
5409,115,64,760, left,,
5522,116,64,760, left,,
5635,117,66,760, left,,
5748,115,64,760, left,,
5861,118,64,760, left,,
5974,119,66,761, left,,
6087,116,64,760, left,,
6200,118,64,760, left,,
6313,118,66,761, left,,
6426,113,64,760, left,,
6539,117,65,760, left,,
6652,117,66,760, left,,
6765,110,64,760, left,,
6878,112,65,760, left,,
6991,112,66,761, left,,
7104,107,64,760, left,,
7217,113,65,760, left,,
7332,117,66,761, left,,
7445,110,64,760, left,,
7558,113,65,760, left,,
7671,115,66,760, left,,
7784,110,65,761, left,,
7897,112,65,761, left,,
8010,112,66,761, left,,
8123,110,64,760, left,,
8236,114,66,761, left,,
8349,116,66,761, left,,
8462,109,64,761, left,,
8575,118,66,760, left,,
8688,119,66,761, left,,
8801,119,64,759, left,,
8914,122,66,760, left,,
9027,124,66,761, left,,
9140,118,64,760, left,,
9253,120,66,760, left,,
9366,122,66,761, left,,
9481,114,64,761, left,,
9594,117,66,760, left,,
9707,115,66,760, left,,
9820,110,64,760, left,,
9933,112,66,760, left,,
10046,109,67,759, left,,
10160,106,64,760, left,,
10274,104,66,759, left,,
10388,104,67,761, left,,
10502,104,65,760, left,,
10616,103,65,760, left,,
10730,104,67,761, left,,
10844,97,66,761, left,,
10957,89,64,760, left,,
11070,92,67,761, left,,
11183,93,66,760, left,,
11296,96,65,760, left,,
11409,98,67,761, left,,
11522,98,65,760, left,,
11635,99,65,760, left,,
11750,101,67,761, left,,
11864,101,66,760, left,,
11978,98,64,760, left,,
12091,103,66,760, left,,
12205,105,67,759, left,,
12319,102,65,760, left,,
12433,105,65,760, left,,
12547,108,67,761, left,,
12661,104,66,761, left,,
12775,103,65,761, left,,
12889,107,66,760, left,,
13003,108,67,760, left,,
13117,116,64,761, left,,
13231,114,66,760, left,,
13345,113,67,760, left,,
13459,107,66,761, left,,
13573,107,65,760, left,,
13687,108,67,761, left,,
13801,105,67,761, left,,
13917,100,65,760, left,,
14031,100,65,761, left,,
14145,105,67,761, left,,
14259,101,65,761, left,,
14373,98,65,759, left,,
14486,102,67,760, left,,
14600,101,67,760, left,,
14714,98,64,759, left,,
14827,102,67,761, left,,
14941,102,67,761, left,,
15055,98,65,760, left,,
15168,102,66,760, left,,
15282,101,67,761, left,,
15396,92,65,761, left,,
15509,97,66,761, left,,
15622,103,67,762, left,,
15736,97,65,761, left,,
15849,100,65,759, left,,
15963,107,67,760, left,,
16079,104,67,760, left,,
16193,100,65,761, left,,
16307,104,66,761, left,,
16421,110,67,761, left,,
16535,110,66,760, left,,
16649,104,65,760, left,,
16763,108,67,761, left,,
16877,103,66,761, left,,
16991,102,64,760, left,,
17105,103,66,760, left,,
17219,103,67,761, left,,
17333,101,65,760, left,,
17447,101,65,760, left,,
17561,103,68,761, left,,
17675,100,66,761, left,,
17789,98,65,761, left,,
17902,103,67,761, left,,
18016,99,66,761, left,,
18129,96,65,759, left,,
18244,100,66,761, left,,
18358,101,67,761, left,,
18472,98,65,761, left,,
18585,100,66,761, left,,
18699,103,68,761, left,,
18813,100,66,761, left,,
18927,100,65,761, left,,
19041,103,67,760, left,,
19155,101,67,761, left,,
19269,99,65,760, left,,
19382,103,67,760, left,,
19496,103,67,760, left,,
19610,98,65,760, left,,
19723,101,66,760, left,,
19837,98,68,761, left,,
19950,95,65,760, left,,
20063,86,68,761, left,,
20176,80,69,761, left,,
20289,121,65,760, left,,
20405,132,65,761, left,,
20519,123,66,762, left,,
20633,97,66,762, left,,
20746,86,64,761, left,,
20859,132,65,762, left,,
20973,117,63,763, left,,
21087,66,62,765, middle,,
21200,7,63,765, middle,,
21311,0,59,766, middle,,
21423,0,57,765, middle,,
21535,0,58,767, middle,,
21647,0,54,766, middle,,
21759,8,58,768, middle,,
21871,14,57,770, middle,,
21984,6,59,771, middle,,
22096,13,62,772, middle,,
22209,20,59,771, middle,,
22322,32,62,770, middle,,
22435,32,65,770, middle,,
22550,19,64,769, middle,,
22663,25,64,770, middle,,
22776,33,65,770, middle,,
22889,30,62,771, middle,,
23002,12,62,771, middle,,
23115,11,61,769, middle,,
23228,17,58,769, middle,,
23341,60,62,770, middle,,
23454,103,66,770, middle,,
23568,82,61,769, middle,,
23681,93,60,768, middle,,
23794,76,59,769, middle,,
23907,30,55,767, middle,,
24020,33,56,768, middle,,
24133,36,56,769, middle,,
24246,37,54,768, middle,,
24359,69,57,769, middle,,
24472,52,57,768, middle,,
24587,53,56,768, middle,,
24700,77,58,767, middle,,
24813,48,58,769, middle,,
24926,29,56,769, middle,,
25039,22,59,769, middle,,
25152,4,61,770, middle,,
25264,16,62,770, middle,,
25377,20,66,770, middle,,
25490,15,65,769, middle,,
25603,13,62,767, middle,,
25716,11,63,767, middle,,
25829,14,60,766, middle,,
25942,21,60,766, middle,,
26055,45,65,768, middle,,
26168,57,64,770, middle,,
26281,29,64,770, middle,,
26394,14,67,770, middle,,
26507,20,63,770, middle,,
26620,21,64,769, middle,,
26735,25,67,769, middle,,
26848,37,65,769, middle,,
26961,35,66,768, middle,,
27074,41,69,770, middle,,
27187,33,66,770, middle,,
27300,32,67,769, middle,,
27413,30,69,770, middle,,
27526,28,66,769, middle,,
27639,33,67,769, middle,,
27752,36,68,770, middle,,
27865,32,66,769, middle,,
27978,34,68,769, middle,,
28091,35,68,769, middle,,
28204,30,66,769, middle,,
28317,33,68,770, middle,,
28430,35,68,768, middle,,
28543,31,66,769, middle,,
28656,34,68,770, middle,,
28771,35,69,770, middle,,
28884,31,66,769, middle,,
28997,34,68,770, middle,,
29110,37,69,770, middle,,
29223,33,66,769, middle,,
29336,36,68,769, middle,,
29449,36,68,769, middle,,
29562,33,66,770, middle,,
29675,37,69,769, middle,,
29788,34,68,770, middle,,
29901,36,67,768, middle,,
30014,37,69,770, middle,,
30127,32,68,769, middle,,
30240,33,67,769, middle,,
30353,38,70,770, middle,,
30466,35,68,769, middle,,
30579,36,67,769, middle,,
30692,37,70,769, middle,,
30807,36,68,769, middle,,
30920,36,67,770, middle,,
31033,36,70,770, middle,,
31146,37,68,770, middle,,
31259,35,67,769, middle,,
31372,38,70,770, middle,,
31485,35,68,769, middle,,
31598,39,68,769, middle,,
31711,38,70,770, middle,,
31824,36,68,769, middle,,
31937,36,68,770, middle,,
32050,38,70,770, middle,,
32163,36,67,769, middle,,
32276,37,69,769, middle,,
32389,39,70,770, middle,,
32502,37,67,769, middle,,
32615,39,69,769, middle,,
32728,40,70,771, middle,,
32841,37,67,770, middle,,
32956,40,68,769, middle,,
33069,42,70,770, middle,,
33182,39,68,770, middle,,
33295,44,69,769, middle,,
33408,40,70,769, middle,,
33521,40,68,769, middle,,
33634,46,70,769, middle,,
33747,39,70,770, middle,,
33860,36,68,769, middle,,
33973,42,70,769, middle,,
34086,44,70,770, middle,,
34199,38,67,769, middle,,
34312,43,70,770, middle,,
34425,41,69,770, middle,,
34538,38,68,770, middle,,
34651,43,71,770, middle,,
34764,38,69,769, middle,,
34877,39,68,769, middle,,
34992,41,70,769, middle,,
35105,41,70,770, middle,,
35218,41,68,770, middle,,
35331,44,70,770, middle,,
35444,43,69,770, middle,,
35557,41,68,769, middle,,
35670,44,71,769, middle,,
35783,42,69,770, middle,,
35896,41,68,770, middle,,
36009,46,71,770, middle,,
36122,43,69,770, middle,,
36235,43,69,770, middle,,
36348,46,71,770, middle,,
36461,41,68,770, middle,,
36574,43,69,771, middle,,
36687,45,71,769, middle,,
36800,43,68,769, middle,,
36913,43,70,770, middle,,
37028,45,71,770, middle,,
37141,41,69,770, middle,,
37254,43,69,769, middle,,
37367,45,71,770, middle,,
37480,42,69,769, middle,,
37593,43,70,769, middle,,
37706,44,71,770, middle,,
37819,42,68,769, middle,,
37932,44,70,770, middle,,
38045,45,71,770, middle,,
38158,41,68,769, middle,,
38271,45,70,770, middle,,
38384,45,71,770, middle,,
38497,43,68,769, middle,,
38610,46,71,771, middle,,
38723,45,70,771, middle,,
38836,44,69,770, middle,,
38949,49,71,770, middle,,
39062,45,70,770, middle,,
39173,46,70,770, middle,,
39286,48,71,770, middle,,
39399,45,69,769, middle,,
39512,47,70,769, middle,,
39625,48,71,771, middle,,
39738,45,69,770, middle,,
39851,48,70,770, middle,,
39964,50,71,770, middle,,
40077,46,69,770, middle,,
40190,48,71,770, middle,,
40303,48,71,769, middle,,
40416,46,69,770, middle,,
40529,49,71,770, middle,,
40642,47,71,770, middle,,
40755,46,69,769, middle,,
40868,49,71,770, middle,,
40981,46,70,771, middle,,
41094,47,69,769, middle,,
41209,49,71,770, middle,,
41322,48,71,769, middle,,
41435,46,69,769, middle,,
41548,50,71,770, middle,,
41661,48,70,770, middle,,
41774,48,69,770, middle,,
41887,55,72,770, middle,,
42000,49,70,770, middle,,
42113,44,69,770, middle,,
42226,58,72,771, middle,,
42339,47,70,771, middle,,
42452,51,70,770, middle,,
42565,55,72,770, middle,,
42678,50,70,770, middle,,
42791,50,70,770, middle,,
42904,55,72,769, middle,,
43017,48,69,769, middle,,
43130,51,70,770, middle,,
43245,53,72,770, middle,,
43358,49,70,770, middle,,
43471,51,70,770, middle,,
43584,53,72,770, middle,,
43697,49,69,770, middle,,
43810,51,70,769, middle,,
43923,53,72,770, middle,,
44036,50,69,770, middle,,
44149,53,71,769, middle,,
44262,54,72,771, middle,,
44375,50,69,770, middle,,
44488,54,71,770, middle,,
44601,55,72,770, middle,,
44714,51,69,771, middle,,
44827,55,71,770, middle,,
44940,55,71,769, middle,,
45053,53,69,769, middle,,
45166,56,71,770, middle,,
45281,56,72,771, middle,,
45394,53,69,771, middle,,
45507,58,71,770, middle,,
45620,55,71,770, middle,,
45733,53,69,770, middle,,
45846,56,72,770, middle,,
45959,54,71,768, middle,,
46072,53,69,770, middle,,
46185,56,72,770, middle,,
46298,54,71,770, middle,,
46411,53,69,770, middle,,
46524,56,72,770, middle,,
46637,54,70,771, middle,,
46750,54,70,770, middle,,
46863,57,72,772, middle,,
46976,54,70,770, middle,,
47089,54,70,770, middle,,
47202,59,72,770, middle,,
47315,58,70,770, middle,,
47430,56,69,769, middle,,
47543,59,72,770, middle,,
47656,56,70,770, middle,,
47769,54,70,769, middle,,
47882,60,73,770, middle,,
47995,57,70,770, middle,,
48108,57,70,769, middle,,
48221,59,72,770, middle,,
48334,55,70,770, middle,,
48447,58,70,770, middle,,
48560,59,72,770, middle,,
48673,56,70,771, middle,,
48786,58,71,770, middle,,
48899,58,72,770, middle,,
49012,54,69,770, middle,,
49125,58,71,769, middle,,
49238,58,72,771, middle,,
49351,55,69,770, middle,,
49466,58,71,770, middle,,
49579,59,72,771, middle,,
49692,55,70,770, middle,,
49805,58,71,769, middle,,
49918,60,72,770, middle,,
50031,56,69,770, middle,,
50144,59,71,769, middle,,
50257,61,72,771, middle,,
50370,57,69,770, middle,,
50483,61,72,770, middle,,
50596,60,72,770, middle,,
50709,58,69,769, middle,,
50822,62,72,770, middle,,
50935,59,71,770, middle,,
51048,58,69,771, middle,,
51161,62,72,769, middle,,
51274,59,71,771, middle,,
51387,59,70,769, middle,,
51502,62,72,770, middle,,
51615,63,71,770, middle,,
51728,61,69,770, middle,,
51841,61,72,770, middle,,
51954,58,70,770, middle,,
52067,55,68,769, middle,,
52180,57,71,769, middle,,
52293,54,68,769, middle,,
52406,44,65,769, middle,,
52519,42,66,769, middle,,
52632,37,63,769, middle,,
52745,32,61,769, middle,,
52858,34,62,769, middle,,
52971,34,59,770, middle,,
53084,30,58,768, middle,,
53197,28,61,769, middle,,
53310,22,112,775, middle,,
53424,21,133,775, middle,,
53540,29,156,777, middle,,
53654,32,172,780, middle,,
53768,34,174,778, middle,,
53882,39,139,773, middle,,
53996,36,123,772, middle,,
54110,37,124,771, middle,,
54224,33,120,770, middle,,
54338,38,124,770, middle,,
54452,41,121,769, middle,,
54566,46,95,766, middle,,
54679,45,62,763, right,,
54792,43,74,765, middle,,
54905,39,108,770, middle,,
55019,39,110,768, middle,,
55133,38,93,766, middle,,
55246,42,99,769, middle,,
55359,49,101,768, middle,,
55473,44,91,766, middle,,
55588,40,88,766, middle,,
55700,42,89,766, middle,,
55813,44,88,765, middle,,
55926,43,84,764, right,,
56039,45,85,765, middle,,
56152,46,88,766, middle,,
56265,42,80,764, right,,
56378,46,85,765, middle,,
56491,48,86,765, middle,,
56604,44,80,764, right,,
56716,49,81,765, middle,,
56829,47,82,765, middle,,
56942,45,78,764, right,,
57055,49,80,764, right,,
57168,47,79,764, right,,
57281,46,78,763, right,,
57394,50,79,764, right,,
57507,47,78,764, right,,
57620,47,76,764, right,,
57735,51,77,764, right,,
57848,50,77,764, right,,
57961,48,74,762, right,,
58074,52,76,763, right,,
58187,50,76,764, right,,
58300,49,73,763, right,,
58413,52,76,763, right,,
58526,50,74,764, right,,
58639,50,72,762, right,,
58752,52,74,763, right,,
58865,50,72,763, right,,
58978,50,70,762, right,,
59091,54,73,763, right,,
59204,51,70,763, right,,
59317,51,70,763, right,,
59430,54,72,763, right,,
59543,51,70,763, right,,
59656,52,69,762, right,,
59769,55,71,764, right,,
59884,53,69,763, right,,
59997,51,68,762, right,,
60110,55,70,763, right,,
60223,52,69,763, right,,
60336,52,68,762, right,,
60449,55,70,763, right,,
60562,52,68,762, right,,
60675,53,67,762, right,,
60788,55,70,762, right,,
60901,52,67,762, right,,
61014,53,67,762, right,,
61127,55,69,762, right,,
61240,51,66,761, right,,
61353,53,67,761, right,,
61466,55,68,762, right,,
61579,52,65,762, right,,
61692,54,66,761, right,,
61805,55,67,762, right,,
61918,52,64,762, right,,
62033,53,64,762, right,,
62146,55,66,762, right,,
62259,53,64,761, right,,
62372,53,64,760, right,,
62485,55,66,761, right,,
62598,53,64,761, right,,
62711,52,64,761, right,,
62824,54,66,762, right,,
62937,51,63,762, right,,
63050,52,64,761, right,,
63163,54,66,762, right,,
63276,50,63,761, right,,
63389,52,64,761, right,,
63502,53,66,762, right,,
63615,50,63,762, right,,
63728,52,65,761, right,,
63841,52,66,762, right,,
63954,48,63,761, right,,
64067,51,65,761, right,,
64182,51,66,762, right,,
64295,47,63,762, right,,
64408,49,63,761, right,,
64521,50,64,761, right,,
64634,46,60,761, right,,
64747,49,63,762, right,,
64860,50,64,762, right,,
64973,48,61,760, right,,
65086,50,63,761, right,,
65199,50,64,761, right,,
65312,48,61,760, right,,
65425,51,63,761, right,,
65538,50,63,761, right,,
65651,48,60,761, right,,
65764,51,63,762, right,,
65877,50,62,762, right,,
65990,46,60,761, right,,
66103,49,63,761, right,,
66216,45,62,761, right,,
66331,44,61,761, right,,
66444,45,63,762, right,,
66557,46,63,762, right,,
66670,44,61,760, right,,
66783,48,63,762, right,,
66896,48,63,762, right,,
67009,45,61,760, right,,
67122,49,64,761, right,,
67235,48,63,762, right,,
67348,46,60,761, right,,
67461,51,63,761, right,,
67574,48,62,760, right,,
67687,47,60,761, right,,
67800,51,63,762, right,,
67913,48,62,761, right,,
68026,48,60,761, right,,
68139,51,63,761, right,,
68252,48,60,761, right,,
68365,48,60,761, right,,
68480,52,62,761, right,,
68593,50,61,761, right,,
68706,48,60,761, right,,
68819,52,62,761, right,,
68932,50,61,762, right,,
69045,49,60,760, right,,
69158,52,63,761, right,,
69271,49,61,761, right,,
69384,49,60,761, right,,
69497,53,63,762, right,,
69610,51,61,761, right,,
69723,50,61,761, right,,
69836,53,64,762, right,,
69949,50,61,761, right,,
70062,50,61,761, right,,
70175,53,63,762, right,,
70288,50,60,761, right,,
70401,51,60,760, right,,
70514,52,61,761, right,,
70629,50,59,761, right,,
70742,49,58,760, right,,
70855,52,59,760, right,,
70968,49,56,760, right,,
71081,49,55,760, right,,
71194,52,55,760, right,,
71307,49,52,761, right,,
71420,51,53,760, right,,
71533,53,55,760, right,,
71646,51,54,760, right,,
71759,52,57,760, right,,
71872,50,52,760, right,,
71985,50,58,759, right,,
72098,51,56,760, right,,
72211,51,53,760, right,,
72324,49,54,760, right,,
72437,52,54,760, right,,
72550,52,55,760, right,,
72663,48,52,759, right,,
72778,50,53,759, right,,
72891,52,54,760, right,,
73004,48,52,759, right,,
73117,50,54,760, right,,
73230,52,55,759, right,,
73343,48,50,759, right,,
73456,52,54,759, right,,
73569,53,57,760, right,,
73682,50,54,760, right,,
73795,54,60,761, right,,
73908,52,60,761, right,,
74021,51,58,759, right,,
74134,54,61,761, right,,
74247,53,61,760, right,,
74360,51,60,761, right,,
74473,53,61,760, right,,
74586,53,62,760, right,,
74699,50,60,760, right,,
74812,54,62,761, right,,
74927,54,62,760, right,,
75040,50,60,760, right,,
75153,53,62,761, right,,
75266,53,62,761, right,,
75379,50,60,761, right,,
75492,53,62,760, right,,
75605,53,62,761, right,,
75718,50,60,760, right,,
75831,53,62,761, right,,
75944,53,62,762, right,,
76057,50,60,759, right,,
76170,53,62,760, right,,
76283,52,61,760, right,,
76396,50,57,759, right,,
76509,54,60,759, right,,
76622,52,60,760, right,,
76735,50,57,759, right,,
76848,53,60,761, right,,
76961,52,62,761, right,,
77076,48,58,761, right,,
77189,52,60,759, right,,
77302,53,61,762, right,,
77415,50,57,759, right,,
77528,53,59,759, right,,
77641,52,61,760, right,,
77754,50,59,760, right,,
77867,53,61,761, right,,
77980,51,59,760, right,,
78093,50,58,759, right,,
78206,53,62,761, right,,
78319,51,60,760, right,,
78432,50,59,759, right,,
78545,54,62,760, right,,
78658,51,60,760, right,,
78771,50,60,760, right,,
78884,53,62,761, right,,
78997,51,61,760, right,,
79110,50,62,761, right,,
79225,53,64,760, right,,
79338,52,63,761, right,,
79451,51,62,761, right,,
79564,55,64,760, right,,
79677,52,62,762, right,,
79790,51,62,760, right,,
79903,54,64,760, right,,
0,27,67,759, right,,
109,38,70,760, right,,
220,33,68,761, right,,
331,37,70,760, right,,
442,34,68,759, right,,
553,37,68,760, right,,
664,43,70,760, right,,
775,78,73,759, left,,
886,150,74,760, left,,
998,138,70,761, left,,
1110,110,72,761, left,,
1223,110,71,761, left,,
1336,137,72,761, left,,
1449,130,74,761, left,,
1562,111,71,760, left,,
1675,114,73,760, left,,
1788,130,74,761, left,,
1901,140,73,761, left,,
2016,145,76,761, left,,
2129,188,78,762, left,,
2242,192,76,763, left,,
2355,149,78,763, left,,
2468,93,77,763, left,,
2580,131,75,763, left,,
2693,120,75,764, left,,
2806,90,74,764, left,,
2918,85,72,762, left,,
3030,85,74,763, left,,
3142,101,71,763, left,,
3255,101,74,762, left,,
3368,112,73,763, left,,
3481,130,72,763, left,,
3594,145,75,763, left,,
3707,125,74,762, left,,
3820,113,73,761, left,,
3933,107,74,762, left,,
4046,90,72,763, left,,
4158,86,73,761, left,,
4268,98,73,761, left,,
4380,95,73,761, left,,
4492,79,74,761, left,,
4604,84,71,762, left,,
4716,127,74,761, left,,
4829,110,71,762, left,,
4942,40,70,763, right,,
5054,83,72,761, left,,
5166,130,70,761, left,,
5279,46,72,762, right,,
5391,38,70,762, right,,
5503,105,69,761, left,,
5616,67,71,761, right,,
5728,82,70,762, left,,
5840,26,70,760, right,,
5952,29,70,761, right,,
6064,54,70,761, right,,
6175,4,72,762, right,,
6285,5,69,761, right,,
6396,33,72,761, right,,
6510,42,70,761, right,,
6622,30,70,760, right,,
6734,34,71,760, right,,
6846,41,69,760, right,,
6958,36,71,762, right,,
7070,35,69,760, right,,
7182,45,70,760, right,,
7294,40,70,761, right,,
7406,37,68,761, right,,
7518,45,71,761, right,,
7630,39,68,760, right,,
7742,43,70,760, right,,
7854,45,70,762, right,,
7966,40,68,762, right,,
8078,43,71,761, right,,
8190,47,68,760, right,,
8302,57,70,761, right,,
8414,40,69,762, right,,
8526,41,68,761, right,,
8640,78,70,761, left,,
8752,99,68,761, left,,
8864,99,69,761, left,,
8976,90,70,762, left,,
9088,99,68,762, left,,
9200,103,71,762, left,,
9313,80,68,762, left,,
9425,65,69,762, right,,
9537,62,70,763, right,,
9649,69,67,762, left,,
9761,73,70,762, left,,
9873,61,68,762, right,,
9985,67,70,761, right,,
10097,75,69,762, left,,
10210,63,68,761, right,,
10323,69,70,763, right,,
10436,71,69,761, left,,
10549,69,68,762, left,,
10662,67,70,762, right,,
10775,77,68,761, left,,
10890,128,68,762, left,,
11004,133,71,761, left,,
11118,64,68,762, right,,
11231,0,65,761, left,,
11343,0,66,762, left,,
11455,0,62,762, left,,
11567,0,62,761, left,,
11679,49,63,761, right,,
11792,39,63,761, right,,
11905,47,65,760, right,,
12018,66,64,761, left,,
12131,0,64,760, left,,
12243,0,67,760, left,,
12355,36,65,759, right,,
12468,101,72,761, left,,
12582,152,73,761, left,,
12696,0,66,760, left,,
12808,0,68,760, left,,
12920,50,70,761, right,,
13033,217,68,760, left,,
13149,178,70,762, left,,
13263,62,70,762, right,,
13376,106,66,761, left,,
13490,142,69,763, left,,
13604,119,70,761, left,,
13718,91,68,762, left,,
13831,124,70,762, left,,
13945,129,71,761, left,,
14059,90,68,760, left,,
14172,102,69,761, left,,
14286,124,71,762, left,,
14400,107,68,761, left,,
14514,98,68,761, left,,
14627,114,71,761, left,,
14741,105,68,761, left,,
14855,94,68,760, left,,
14968,103,71,761, left,,
15082,98,69,761, left,,
15195,88,68,761, left,,
15310,95,70,761, left,,
15423,93,69,762, left,,
15536,82,68,761, left,,
15649,84,70,762, left,,
15762,80,68,760, left,,
15875,77,68,761, left,,
15988,78,70,760, left,,
16101,75,68,760, left,,
16214,77,69,761, left,,
16327,75,70,761, left,,
16440,74,67,760, left,,
16553,77,70,761, left,,
16666,74,70,762, left,,
16779,72,68,761, left,,
16892,76,70,761, left,,
17005,73,69,760, left,,
17118,72,68,761, left,,
17231,75,70,761, left,,
17344,71,68,760, left,,
17457,72,68,761, left,,
17572,74,70,762, left,,
17685,71,68,761, left,,
17798,71,68,760, left,,
17911,73,70,761, left,,
18024,70,68,761, left,,
18137,70,68,761, left,,
18250,74,70,762, left,,
18363,68,67,760, left,,
18476,71,69,761, left,,
18589,70,70,761, left,,
18702,67,67,761, left,,
18815,70,69,760, left,,
18928,70,69,761, left,,
19041,66,67,760, right,,
19154,71,70,762, left,,
19267,67,68,761, right,,
19380,65,67,760, right,,
19493,68,70,760, right,,
19606,65,68,761, right,,
19721,64,68,761, right,,
19834,68,70,761, right,,
19947,63,68,761, right,,
20060,65,68,761, right,,
20173,66,70,762, right,,
20286,61,68,760, right,,
20399,64,68,761, right,,
20512,66,70,760, right,,
20625,62,67,761, right,,
20738,65,69,760, right,,
20851,66,69,762, right,,
20964,62,67,760, right,,
21077,67,69,760, right,,
21190,64,68,761, right,,
21303,63,67,760, right,,
21416,68,70,761, right,,
21529,66,68,762, right,,
21642,65,67,761, right,,
21755,68,70,761, right,,
21870,67,68,761, right,,
21983,65,67,760, right,,
22096,70,70,761, right,,
22209,64,67,761, right,,
22322,65,68,760, right,,
22435,67,69,761, right,,
22548,62,67,761, right,,
22661,66,68,760, right,,
22774,66,69,761, right,,
22887,60,67,759, right,,
23000,64,68,761, right,,
23113,65,69,762, right,,
23226,58,66,760, right,,
23339,46,69,761, right,,
23452,28,68,762, right,,
23565,26,67,760, right,,
23678,33,70,762, right,,
23791,38,68,760, right,,
23904,40,67,760, right,,
24019,53,69,761, right,,
24132,48,68,761, right,,
24245,47,67,760, right,,
24358,50,69,760, right,,
24471,47,67,761, right,,
24584,48,67,761, right,,
24697,47,69,761, right,,
24810,47,66,760, right,,
24923,49,68,760, right,,
25036,49,69,761, right,,
25149,47,66,760, right,,
25262,51,68,761, right,,
25375,49,68,760, right,,
25488,47,66,760, right,,
25601,51,69,761, right,,
25714,49,68,761, right,,
25827,50,66,761, right,,
25940,54,69,760, right,,
26053,50,67,760, right,,
26168,51,66,760, right,,
26281,54,69,760, right,,
26394,51,67,761, right,,
26507,52,66,761, right,,
26620,55,69,761, right,,
26733,51,66,760, right,,
26846,54,67,760, right,,
26959,55,69,760, right,,
27072,50,66,760, right,,
27185,54,68,760, right,,
27298,54,68,761, right,,
27411,51,66,760, right,,
27524,55,68,761, right,,
27637,54,68,760, right,,
27750,53,66,760, right,,
27863,55,68,761, right,,
27976,52,67,761, right,,
28089,56,66,760, right,,
28202,62,69,760, right,,
28317,42,68,760, right,,
28430,37,66,760, right,,
28543,39,69,761, right,,
28656,58,67,762, right,,
28769,96,66,761, left,,
28882,95,67,763, left,,
28995,94,65,763, left,,
29108,78,65,764, left,,
29221,0,65,764, left,,
29333,0,60,766, middle,,
29445,0,60,767, middle,,
29557,0,56,768, middle,,
29669,0,53,768, middle,,
29781,11,56,769, middle,,
29894,18,55,768, middle,,
30007,21,58,769, middle,,
30120,7,57,767, middle,,
30232,1,50,763, right,,
30344,11,52,763, right,,
30459,13,52,762, right,,
30572,18,51,763, right,,
30685,34,54,765, middle,,
30798,24,53,767, middle,,
30911,28,56,768, middle,,
31024,23,57,768, middle,,
31137,17,54,767, middle,,
31250,21,56,768, middle,,
31363,13,57,768, middle,,
31476,15,56,766, middle,,
31589,24,60,767, middle,,
31702,38,59,768, middle,,
31815,25,56,768, middle,,
31928,24,61,768, middle,,
32041,28,61,768, middle,,
32154,21,59,767, middle,,
32267,25,62,768, middle,,
32380,29,60,769, middle,,
32495,26,58,768, middle,,
32608,29,62,769, middle,,
32721,31,61,768, middle,,
32834,23,59,768, middle,,
32947,29,62,768, middle,,
33060,27,60,768, middle,,
33173,30,61,768, middle,,
33286,33,63,768, middle,,
33399,36,61,768, middle,,
33512,34,62,769, middle,,
33625,30,62,768, middle,,
33738,35,60,768, middle,,
33851,35,61,769, middle,,
33964,35,62,768, middle,,
34077,29,62,768, middle,,
34190,24,65,768, middle,,
34303,34,63,770, middle,,
34416,30,62,768, middle,,
34529,22,64,769, middle,,
34644,26,64,768, middle,,
34757,30,63,767, middle,,
34870,39,66,769, middle,,
34983,34,64,768, middle,,
35096,26,64,768, middle,,
35209,26,66,769, middle,,
35322,23,63,767, middle,,
35435,31,65,768, middle,,
35548,35,66,769, middle,,
35661,30,63,769, middle,,
35774,34,66,768, middle,,
35887,33,66,768, middle,,
36000,29,64,768, middle,,
36113,34,67,768, middle,,
36226,31,66,769, middle,,
36339,29,65,770, middle,,
36452,34,68,769, middle,,
36565,30,66,769, middle,,
36680,30,65,768, middle,,
36793,34,68,769, middle,,
36906,31,66,768, middle,,
37019,31,66,768, middle,,
37132,34,69,769, middle,,
37245,31,66,769, middle,,
37358,33,67,768, middle,,
37471,35,68,769, middle,,
37584,31,66,768, middle,,
37697,34,68,769, middle,,
37810,34,68,770, middle,,
37923,31,66,770, middle,,
38036,34,68,768, middle,,
38149,33,67,769, middle,,
38262,31,66,768, middle,,
38375,35,69,770, middle,,
38488,33,68,769, middle,,
38601,33,67,768, middle,,
38716,34,69,769, middle,,
38829,32,68,768, middle,,
38942,31,67,768, middle,,
39055,35,70,769, middle,,
39168,32,68,769, middle,,
39281,32,68,769, middle,,
39394,35,70,769, middle,,
39507,31,68,768, middle,,
39620,34,69,769, middle,,
39733,35,70,770, middle,,
39846,32,67,769, middle,,
39959,35,70,771, middle,,
40072,34,70,770, middle,,
40185,31,68,769, middle,,
40298,35,70,769, middle,,
40411,34,70,769, middle,,
40524,32,68,769, middle,,
40637,36,71,769, middle,,
40750,33,69,769, middle,,
40865,32,68,769, middle,,
40978,35,71,770, middle,,
41091,33,69,768, middle,,
41204,33,68,768, middle,,
41317,35,71,769, middle,,
41430,32,68,769, middle,,
41543,34,69,769, middle,,
41656,35,71,770, middle,,
41769,33,68,770, middle,,
41882,35,70,769, middle,,
41995,36,71,770, middle,,
42108,32,68,769, middle,,
42221,36,71,769, middle,,
42334,38,70,769, middle,,
42447,34,69,769, middle,,
42560,37,72,771, middle,,
42673,34,70,769, middle,,
42786,33,69,769, middle,,
42901,37,72,769, middle,,
43014,36,70,769, middle,,
43127,34,69,770, middle,,
43240,37,72,769, middle,,
43353,35,70,770, middle,,
43466,35,70,769, middle,,
43579,38,72,770, middle,,
43692,35,70,769, middle,,
43805,37,71,769, middle,,
43918,38,72,770, middle,,
44031,34,69,769, middle,,
44144,37,71,770, middle,,
44257,37,72,770, middle,,
44370,34,69,769, middle,,
44483,38,72,769, middle,,
44596,36,71,770, middle,,
44709,35,69,768, middle,,
44822,39,72,770, middle,,
44937,37,71,771, middle,,
45050,35,69,769, middle,,
45163,39,72,769, middle,,
45276,36,71,770, middle,,
45389,37,70,769, middle,,
45502,39,73,770, middle,,
45615,37,70,769, middle,,
45728,38,70,770, middle,,
45841,40,73,769, middle,,
45954,36,70,770, middle,,
46067,39,72,769, middle,,
46180,39,72,769, middle,,
46293,37,70,768, middle,,
46406,39,72,770, middle,,
46519,39,72,769, middle,,
46632,36,70,769, middle,,
46745,40,73,770, middle,,
46858,38,71,770, middle,,
46973,37,70,769, middle,,
47086,40,73,770, middle,,
47199,38,72,769, middle,,
47312,37,70,769, middle,,
47425,40,73,770, middle,,
47538,38,71,770, middle,,
47651,38,71,769, middle,,
47764,40,73,770, middle,,
47877,37,70,769, middle,,
47990,38,71,769, middle,,
48103,39,73,769, middle,,
48216,37,70,770, middle,,
48329,39,72,770, middle,,
48442,40,72,769, middle,,
48555,37,70,770, middle,,
48668,41,73,769, middle,,
48781,40,72,768, middle,,
48894,38,70,769, middle,,
49007,41,73,770, middle,,
49122,41,72,770, middle,,
49235,39,70,768, middle,,
49348,42,73,769, middle,,
49461,41,72,770, middle,,
49574,40,71,770, middle,,
49687,43,73,770, middle,,
49800,41,71,769, middle,,
49913,40,71,769, middle,,
50026,43,74,770, middle,,
50139,40,71,770, middle,,
50252,41,72,770, middle,,
50365,43,73,770, middle,,
50478,39,70,769, middle,,
50591,42,72,769, middle,,
50704,42,73,770, middle,,
50817,39,70,770, middle,,
50930,43,73,769, middle,,
51043,42,72,770, middle,,
51158,40,70,770, middle,,
51271,43,73,769, middle,,
51384,42,73,770, middle,,
51497,40,70,769, middle,,
51610,44,73,769, middle,,
51723,41,72,770, middle,,
51836,41,71,769, middle,,
51949,43,74,769, middle,,
52062,41,71,769, middle,,
52175,41,71,770, middle,,
52288,43,73,770, middle,,
52401,40,71,769, middle,,
52514,42,72,769, middle,,
52627,43,73,769, middle,,
52740,40,70,769, middle,,
52853,43,72,769, middle,,
52966,41,73,770, middle,,
53079,41,71,770, middle,,
53194,44,72,770, middle,,
53307,44,73,769, middle,,
53420,42,71,770, middle,,
53533,45,73,770, middle,,
53646,44,72,770, middle,,
53759,43,71,769, middle,,
53872,44,74,770, middle,,
53985,43,72,770, middle,,
54098,43,71,770, middle,,
54211,48,74,769, middle,,
54324,45,71,770, middle,,
54437,44,71,769, middle,,
54550,47,73,770, middle,,
54663,41,70,770, middle,,
54776,45,72,768, middle,,
54889,44,73,770, middle,,
55002,43,71,769, middle,,
55115,46,73,769, middle,,
55228,46,73,770, middle,,
55343,43,71,770, middle,,
55456,48,73,770, middle,,
55569,47,73,770, middle,,
55682,42,70,769, middle,,
55795,48,73,769, middle,,
55908,45,72,770, middle,,
56021,45,71,769, middle,,
56134,49,74,770, middle,,
56247,47,72,770, middle,,
56360,47,71,769, middle,,
56473,49,74,770, middle,,
56586,45,71,769, middle,,
56699,47,72,770, middle,,
56812,48,74,770, middle,,
56925,46,71,769, middle,,
57038,48,72,770, middle,,
57151,48,74,769, middle,,
57264,45,71,769, middle,,
57379,47,72,770, middle,,
57492,49,74,769, middle,,
57605,45,71,769, middle,,
57718,47,73,768, middle,,
57831,48,74,770, middle,,
57944,45,71,768, middle,,
58057,49,73,769, middle,,
58170,48,72,770, middle,,
58283,43,70,769, middle,,
58396,55,73,770, middle,,
58509,37,71,769, middle,,
58622,34,68,769, middle,,
58735,39,71,770, middle,,
58848,26,69,769, middle,,
58961,25,72,769, middle,,
59074,28,97,772, middle,,
59187,24,108,774, middle,,
59301,22,124,776, middle,,
59417,27,138,776, middle,,
59531,29,148,776, middle,,
59645,30,156,777, middle,,
59759,33,150,775, middle,,
59873,33,141,775, middle,,
59987,30,126,772, middle,,
60101,34,120,770, middle,,
60215,34,114,769, middle,,
60329,33,114,770, middle,,
60443,37,105,768, middle,,
60557,43,87,765, middle,,
60670,39,32,757, left,,
60783,38,39,758, right,,
60896,39,53,760, right,,
61009,32,52,760, right,,
61122,36,83,763, right,,
61235,36,115,769, middle,,
61349,37,118,770, middle,,
61465,37,105,768, middle,,
61579,43,112,769, middle,,
61693,47,112,770, middle,,
61807,47,97,769, middle,,
61920,48,96,767, middle,,
62033,41,93,767, middle,,
62146,36,86,766, middle,,
62259,41,89,766, middle,,
62372,41,89,765, middle,,
62485,38,82,765, middle,,
62598,40,79,765, middle,,
62711,38,77,764, right,,
62824,37,76,764, right,,
62937,43,86,765, middle,,
63050,39,88,766, middle,,
63163,40,85,765, middle,,
63276,41,84,764, right,,
63389,36,74,763, right,,
63504,38,76,762, right,,
63617,43,77,764, right,,
63730,41,72,763, right,,
63843,42,73,763, right,,
63956,43,75,762, right,,
64069,40,71,762, right,,
64182,42,74,761, right,,
64295,42,74,762, right,,
64408,40,70,762, right,,
64521,43,72,763, right,,
64634,41,73,763, right,,
64747,41,72,763, right,,
64868,38,68,761, right,,
64981,42,71,762, right,,
65094,41,72,763, right,,
65207,40,69,762, right,,
65320,42,71,762, right,,
65433,40,70,763, right,,
65546,40,68,761, right,,
65661,43,70,762, right,,
65774,41,69,762, right,,
65887,41,66,762, right,,
66000,44,68,762, right,,
66113,41,68,762, right,,
66226,42,68,762, right,,
66339,43,68,762, right,,
66452,39,66,762, right,,
66565,43,66,761, right,,
66678,43,67,762, right,,
66791,40,65,762, right,,
66904,43,66,761, right,,
67017,43,66,761, right,,
67130,40,64,762, right,,
67243,44,66,762, right,,
67356,42,64,761, right,,
67469,41,63,761, right,,
67582,46,68,763, right,,
67695,42,64,762, right,,
67810,41,64,761, right,,
67923,45,68,762, right,,
68036,42,64,761, right,,
68149,42,64,760, right,,
68262,45,68,762, right,,
68375,41,63,762, right,,
68488,42,64,761, right,,
68601,45,66,762, right,,
68714,41,62,761, right,,
68827,43,64,761, right,,
68940,45,65,763, right,,
69053,41,62,761, right,,
69166,44,64,761, right,,
69279,44,64,762, right,,
69392,41,61,761, right,,
69505,44,64,760, right,,
69618,43,64,761, right,,
69731,41,62,761, right,,
69844,45,64,760, right,,
69959,44,64,761, right,,
70072,42,61,760, right,,
70185,45,64,762, right,,
70298,43,62,762, right,,
70411,42,61,762, right,,
70524,45,64,761, right,,
70637,42,62,761, right,,
70750,42,61,760, right,,
70863,45,63,761, right,,
70976,42,62,760, right,,
71089,44,62,761, right,,
71202,45,63,762, right,,
71315,42,60,761, right,,
71428,44,62,761, right,,
71541,45,63,762, right,,
71654,42,60,761, right,,
71767,44,61,761, right,,
71880,43,59,761, right,,
71993,39,56,759, right,,
72108,42,58,760, right,,
72221,42,64,762, right,,
72334,41,76,763, right,,
72447,46,88,764, right,,
72560,44,90,764, right,,
72673,41,78,762, right,,
72786,45,73,762, right,,
72899,44,77,763, right,,
73012,46,75,763, right,,
73125,49,67,761, right,,
73238,45,66,762, right,,
73351,46,69,762, right,,
73464,46,69,762, right,,
73577,41,64,761, right,,
73690,43,66,761, right,,
73803,44,65,762, right,,
73916,42,64,761, right,,
74029,46,66,761, right,,
74142,45,65,761, right,,
74257,43,62,761, right,,
74370,46,65,761, right,,
74483,45,65,761, right,,
74596,43,62,762, right,,
74709,46,65,760, right,,
74822,46,64,760, right,,
74935,43,62,760, right,,
75048,47,65,761, right,,
75161,44,63,761, right,,
75274,44,62,761, right,,
75387,47,65,761, right,,
75500,44,62,762, right,,
75613,45,63,761, right,,
75726,46,64,761, right,,
75839,44,62,761, right,,
75952,45,63,761, right,,
76065,46,64,761, right,,
76178,43,60,761, right,,
76291,46,63,761, right,,
76406,47,64,759, right,,
76519,44,61,760, right,,
76632,46,62,760, right,,
76745,47,63,761, right,,
76858,44,60,760, right,,
76971,46,63,760, right,,
77084,46,62,760, right,,
77197,43,60,760, right,,
77310,47,63,760, right,,
77423,45,62,762, right,,
77536,44,60,760, right,,
77649,47,63,761, right,,
77762,45,61,761, right,,
77875,45,60,761, right,,
77988,48,63,761, right,,
78101,44,60,761, right,,
78214,47,61,760, right,,
78327,47,62,760, right,,
78440,44,60,760, right,,
78555,46,60,761, right,,
78668,47,63,761, right,,
78781,44,59,760, right,,
78894,46,61,760, right,,
79007,48,62,762, right,,
79120,45,59,760, right,,
79233,47,62,760, right,,
79346,47,62,761, right,,
79459,45,59,760, right,,
79572,48,62,763, right,,
79685,47,61,761, right,,
79798,45,59,760, right,,
79911,47,62,761, right,,
80024,45,60,760, right,,
80137,45,59,760, right,,
80250,48,62,761, right,,
80363,45,60,762, right,,
80476,46,60,760, right,,
80589,48,62,760, right,,
80704,46,60,760, right,,
80817,46,60,760, right,,
80930,49,62,761, right,,
81043,46,59,760, right,,
81156,47,60,761, right,,
81269,49,62,761, right,,
81382,45,59,760, right,,
81495,46,61,761, right,,
81608,48,61,761, right,,
81721,45,58,761, right,,
81834,48,61,760, right,,
81947,47,60,760, right,,
82060,45,59,760, right,,
82173,48,62,760, right,,
82286,47,60,761, right,,
82399,45,59,761, right,,
82512,49,62,761, right,,
82625,45,60,761, right,,
82738,46,60,760, right,,
82853,49,62,761, right,,
82966,46,60,761, right,,
83079,45,60,760, right,,
83192,48,62,761, right,,
83305,47,59,762, right,,
83418,46,60,761, right,,
83531,49,62,762, right,,
83644,45,59,761, right,,
83757,46,60,760, right,,
83870,48,61,761, right,,
83983,45,58,759, right,,
84096,48,61,760, right,,
84209,48,61,761, right,,
84322,45,58,760, right,,
84435,49,61,760, right,,
84548,47,60,760, right,,
84661,45,58,759, right,,
84774,49,62,761, right,,
84887,46,59,760, right,,
85002,45,58,759, right,,
85115,49,61,760, right,,
85228,47,60,761, right,,
85341,46,58,760, right,,
85454,49,62,761, right,,
85567,46,59,760, right,,
85680,47,59,760, right,,
85793,49,62,761, right,,
85906,46,58,759, right,,
86019,48,60,760, right,,
86132,49,61,760, right,,
86245,45,58,760, right,,
86358,48,61,761, right,,
86471,48,60,761, right,,
86584,46,58,760, right,,
86697,49,61,761, right,,
86810,48,60,760, right,,
86923,47,59,761, right,,
87036,50,62,761, right,,
87151,48,60,761, right,,
87264,47,59,760, right,,
87377,50,61,761, right,,
87490,48,59,761, right,,
87603,46,59,760, right,,
87716,51,62,760, right,,
87829,48,59,760, right,,
87942,49,60,760, right,,
88055,51,62,761, right,,
88168,47,58,760, right,,
88281,50,60,760, right,,
88394,50,61,760, right,,
88507,47,58,760, right,,
88620,50,61,760, right,,
88733,50,60,760, right,,
88846,48,58,760, right,,
88959,51,61,760, right,,
89072,49,59,761, right,,
89185,49,57,759, right,,
89300,51,59,760, right,,
89413,50,58,760, right,,
89526,48,56,760, right,,
89639,52,59,760, right,,
89752,49,58,761, right,,
89865,49,58,759, right,,
89978,51,59,761, right,,
0,263,69,761, left,,
110,231,70,763, left,,
222,30,70,762, right,,
333,54,67,762, right,,
443,146,71,762, left,,
555,118,68,761, left,,
667,91,70,762, left,,
778,134,68,761, left,,
890,143,68,762, left,,
1002,113,69,761, left,,
1115,102,67,761, left,,
1228,123,69,761, left,,
1341,120,69,761, left,,
1454,113,67,760, left,,
1567,123,69,762, left,,
1680,118,68,761, left,,
1793,113,67,761, left,,
1906,119,69,762, left,,
2021,120,69,762, left,,
2134,112,67,761, left,,
2247,110,68,761, left,,
2360,103,68,762, left,,
2473,108,66,762, left,,
2586,115,69,761, left,,
2699,106,68,762, left,,
2812,113,66,760, left,,
2925,107,69,762, left,,
3038,49,67,760, right,,
3150,5,65,760, right,,
3261,29,66,761, right,,
3372,122,64,761, left,,
3485,179,68,761, left,,
3598,120,67,760, left,,
3711,125,66,760, left,,
3824,189,68,761, left,,
3937,77,67,760, left,,
4049,64,68,760, right,,
4163,148,69,761, left,,
4276,131,66,760, left,,
4389,87,67,761, left,,
4500,115,68,760, left,,
4613,125,66,760, left,,
4726,113,68,760, left,,
4839,101,68,760, left,,
4952,120,66,760, left,,
5065,122,68,761, left,,
5178,111,67,761, left,,
5291,113,66,760, left,,
5404,117,68,760, left,,
5517,111,66,759, left,,
5630,118,67,761, left,,
5743,115,68,761, left,,
5856,110,66,761, left,,
5969,117,66,760, left,,
6082,117,68,760, left,,
6195,112,65,760, left,,
6308,117,67,760, left,,
6423,118,68,760, left,,
6536,114,66,760, left,,
6649,116,66,759, left,,
6762,117,68,761, left,,
6875,113,65,760, left,,
6988,118,67,759, left,,
7101,117,68,760, left,,
7214,113,65,760, left,,
7327,117,67,760, left,,
7440,115,67,760, left,,
7553,114,65,759, left,,
7666,118,67,760, left,,
7779,115,67,760, left,,
7892,113,65,760, left,,
8005,117,68,760, left,,
8118,114,66,760, left,,
8231,112,65,760, left,,
8344,117,68,761, left,,
8457,114,66,759, left,,
8570,113,66,760, left,,
8685,117,67,760, left,,
8798,113,66,760, left,,
8911,111,65,760, left,,
9024,117,67,760, left,,
9137,113,66,760, left,,
9250,112,66,761, left,,
9363,115,68,760, left,,
9476,112,65,760, left,,
9589,113,66,760, left,,
9702,114,68,760, left,,
9815,110,65,760, left,,
9928,114,66,760, left,,
10041,115,67,760, left,,
10155,111,65,760, left,,
10269,113,66,760, left,,
10383,116,67,761, left,,
10497,112,66,760, left,,
10611,111,65,760, left,,
10725,115,67,761, left,,
10841,114,67,761, left,,
10955,110,65,760, left,,
11069,112,65,759, left,,
11183,114,67,760, left,,
11297,108,66,760, left,,
11411,108,65,760, left,,
11525,113,67,761, left,,
11639,109,66,760, left,,
11753,105,64,760, left,,
11867,109,66,761, left,,
11981,111,67,760, left,,
12095,105,65,760, left,,
12209,107,66,759, left,,
12323,111,67,760, left,,
12437,107,66,760, left,,
12623,110,67,760, left,,
12737,107,65,761, left,,
12851,107,64,760, left,,
12965,110,67,761, left,,
13081,109,67,761, left,,
13195,106,65,760, left,,
13309,109,65,759, left,,
13423,111,67,760, left,,
13537,108,65,760, left,,
13651,107,65,759, left,,
13765,109,67,759, left,,
13879,107,66,760, left,,
13993,105,64,759, left,,
14107,110,66,759, left,,
14221,109,67,760, left,,
14335,105,64,760, left,,
14449,110,65,760, left,,
14563,114,67,760, left,,
14677,115,66,760, left,,
14791,109,65,760, left,,
14905,116,67,761, left,,
15019,121,66,760, left,,
15133,117,64,760, left,,
15249,122,66,760, left,,
15363,135,67,760, left,,
15477,110,65,761, left,,
15591,120,65,760, left,,
15705,122,67,761, left,,
15819,95,66,760, left,,
15932,75,65,759, left,,
16045,85,67,760, left,,
16158,79,65,759, left,,
16271,73,65,760, left,,
16384,87,67,761, left,,
16497,84,65,760, left,,
16610,84,65,760, left,,
16723,94,67,760, left,,
16836,88,64,760, left,,
16949,91,66,760, left,,
17062,101,67,760, left,,
17176,103,65,760, left,,
17290,96,65,759, left,,
17403,104,67,759, left,,
17519,110,66,761, left,,
17633,100,64,761, left,,
17747,102,66,760, left,,
17861,106,66,760, left,,
17975,102,64,760, left,,
18089,103,66,759, left,,
18203,109,67,761, left,,
18317,109,65,760, left,,
18431,110,65,760, left,,
18545,113,67,761, left,,
18659,108,66,760, left,,
18773,104,64,760, left,,
18887,101,66,759, left,,
19001,99,66,760, left,,
19114,100,64,760, left,,
19228,103,66,759, left,,
19342,103,66,760, left,,
19456,100,64,759, left,,
19570,104,65,759, left,,
19686,127,67,759, left,,
19800,119,66,760, left,,
19914,91,64,760, left,,
20027,114,66,761, left,,
20141,123,66,761, left,,
20255,85,64,760, left,,
20368,89,66,760, left,,
20481,103,66,761, left,,
20595,89,64,759, left,,
20708,83,66,760, left,,
20821,94,66,760, left,,
20934,91,64,760, left,,
21047,91,66,761, left,,
21160,94,65,760, left,,
21273,93,64,760, left,,
21386,94,66,760, left,,
21499,96,65,760, left,,
21612,97,64,759, left,,
21725,99,66,760, left,,
21840,98,65,760, left,,
21953,99,64,760, left,,
22066,101,67,760, left,,
22180,100,65,760, left,,
22294,100,64,760, left,,
22408,115,66,761, left,,
22522,118,66,760, left,,
22636,118,64,760, left,,
22750,116,65,760, left,,
22864,113,66,761, left,,
22978,104,64,760, left,,
23092,105,64,759, left,,
23206,104,66,760, left,,
23320,89,65,760, left,,
23433,89,64,759, left,,
23546,94,66,760, left,,
23659,83,65,761, left,,
23772,80,64,760, left,,
23885,88,66,761, left,,
24000,84,65,760, left,,
24113,84,64,760, left,,
24226,90,66,760, left,,
24339,85,65,760, left,,
24452,86,64,760, left,,
24565,91,66,759, left,,
24678,85,64,760, left,,
24791,86,64,760, left,,
24904,89,66,761, left,,
25017,85,64,759, left,,
25130,89,65,760, left,,
25243,92,66,760, left,,
25356,86,64,760, left,,
25469,91,66,760, left,,
25582,93,66,760, left,,
25695,89,64,759, left,,
25808,102,66,760, left,,
25922,99,66,760, left,,
26035,94,63,760, left,,
26148,96,65,759, left,,
26263,95,66,759, left,,
26376,91,64,759, left,,
26489,94,65,759, left,,
26602,94,66,760, left,,
26715,89,64,760, left,,
26828,93,66,759, left,,
26941,92,65,761, left,,
27054,89,64,758, left,,
27167,91,66,760, left,,
27280,88,65,760, left,,
27393,87,64,760, left,,
27506,90,66,760, left,,
27619,85,64,759, left,,
27732,84,64,760, left,,
27845,88,66,760, left,,
27958,85,64,760, left,,
28071,87,64,759, left,,
28184,87,66,760, left,,
28297,83,64,759, left,,
28410,86,65,760, left,,
28525,87,66,760, left,,
28638,84,64,761, left,,
28751,86,64,760, left,,
28864,91,66,760, left,,
28977,87,64,760, left,,
29090,90,64,759, left,,
29203,92,66,760, left,,
29316,85,64,759, left,,
29429,87,65,759, left,,
29542,90,66,761, left,,
29655,89,63,760, left,,
29768,89,65,760, left,,
29881,89,66,760, left,,
29994,87,63,759, left,,
30107,87,65,760, left,,
30220,87,65,759, left,,
30333,91,63,759, left,,
30446,97,66,760, left,,
30559,77,65,760, left,,
30674,87,64,759, left,,
30787,130,66,760, left,,
30901,145,66,763, left,,
31015,127,63,763, left,,
31129,123,64,761, left,,
31243,126,64,762, left,,
31357,84,62,764, left,,
31470,20,63,764, right,,
31583,0,62,765, middle,,
31695,0,58,767, middle,,
31807,0,61,769, middle,,
31919,1,60,770, middle,,
32031,3,58,770, middle,,
32143,11,60,770, middle,,
32256,7,57,769, middle,,
32368,13,58,768, middle,,
32481,9,56,767, middle,,
32593,1,51,764, right,,
32705,10,53,764, right,,
32820,19,53,763, right,,
32933,35,51,767, middle,,
33046,34,54,768, middle,,
33159,16,56,769, middle,,
33272,13,56,768, middle,,
33385,27,55,768, middle,,
33498,19,53,768, middle,,
33611,1,48,765, middle,,
33723,12,50,764, right,,
33836,24,48,763, right,,
33949,34,51,768, middle,,
34062,38,52,767, middle,,
34175,30,52,770, middle,,
34288,30,58,769, middle,,
34401,35,61,770, middle,,
34514,11,58,769, middle,,
34627,16,60,768, middle,,
34740,20,60,769, middle,,
34853,29,59,769, middle,,
34968,23,61,768, middle,,
35081,28,62,769, middle,,
35194,24,60,768, middle,,
35307,32,63,769, middle,,
35420,28,64,769, middle,,
35533,21,62,768, middle,,
35646,26,64,767, middle,,
35759,27,63,768, middle,,
35872,27,61,768, middle,,
35985,27,64,769, middle,,
36098,22,64,768, middle,,
36211,15,62,768, middle,,
36324,24,66,768, middle,,
36437,47,64,768, middle,,
36550,63,64,768, middle,,
36663,38,66,769, middle,,
36776,39,63,768, middle,,
36889,33,63,768, middle,,
37004,29,66,769, middle,,
37117,27,64,769, middle,,
37230,29,64,769, middle,,
37343,33,66,769, middle,,
37456,31,64,768, middle,,
37569,31,64,769, middle,,
37682,33,66,769, middle,,
37795,30,64,769, middle,,
37908,30,65,769, middle,,
38021,32,66,769, middle,,
38134,28,64,767, middle,,
38247,30,65,768, middle,,
38360,32,66,769, middle,,
38473,28,64,769, middle,,
38586,30,66,769, middle,,
38699,31,66,769, middle,,
38812,29,64,768, middle,,
38925,32,66,769, middle,,
39040,33,67,769, middle,,
39153,29,64,769, middle,,
39266,31,66,769, middle,,
39379,32,67,770, middle,,
39492,29,64,768, middle,,
39605,31,66,770, middle,,
39718,32,67,769, middle,,
39831,29,64,768, middle,,
39944,33,67,769, middle,,
40057,31,66,769, middle,,
40170,29,65,768, middle,,
40283,34,68,769, middle,,
40396,31,66,768, middle,,
40509,31,65,769, middle,,
40622,34,68,769, middle,,
40735,30,66,769, middle,,
40848,32,66,770, middle,,
40961,35,68,768, middle,,
41074,30,65,768, middle,,
41189,32,66,768, middle,,
41302,34,68,770, middle,,
41415,33,66,769, middle,,
41528,33,66,769, middle,,
41641,34,68,769, middle,,
41754,31,66,768, middle,,
41867,34,67,769, middle,,
41980,34,68,769, middle,,
42093,31,66,768, middle,,
42206,35,67,769, middle,,
42319,34,68,770, middle,,
42432,32,65,769, middle,,
42545,35,68,769, middle,,
42658,35,68,768, middle,,
42771,32,66,769, middle,,
42884,36,68,770, middle,,
42997,34,67,769, middle,,
43110,35,66,769, middle,,
43225,36,68,769, middle,,
43338,35,68,768, middle,,
43451,30,66,769, middle,,
43564,36,68,770, middle,,
43677,35,68,769, middle,,
43790,33,66,768, middle,,
43903,37,69,769, middle,,
44016,33,67,768, middle,,
44129,31,67,769, middle,,
44242,39,69,770, middle,,
44355,41,67,769, middle,,
44468,36,67,769, middle,,
44581,34,69,770, middle,,
44694,32,66,768, middle,,
44807,38,68,770, middle,,
44920,35,69,769, middle,,
45033,35,66,769, middle,,
45146,37,68,770, middle,,
45261,36,69,770, middle,,
45374,34,67,769, middle,,
45487,36,68,769, middle,,
45600,37,69,770, middle,,
45713,34,66,768, middle,,
45826,37,68,770, middle,,
45939,37,69,769, middle,,
46052,35,66,769, middle,,
46165,37,69,770, middle,,
46278,36,68,769, middle,,
46391,35,66,768, middle,,
46504,40,69,769, middle,,
46617,35,68,770, middle,,
46730,34,66,769, middle,,
46843,39,69,769, middle,,
46956,37,68,769, middle,,
47069,37,67,769, middle,,
47182,36,70,769, middle,,
47297,33,68,770, middle,,
47410,34,67,770, middle,,
47523,38,70,770, middle,,
47636,36,68,770, middle,,
47749,36,68,768, middle,,
47862,38,70,770, middle,,
47975,36,67,769, middle,,
48088,37,68,768, middle,,
48201,38,70,769, middle,,
48314,35,67,769, middle,,
48427,38,69,769, middle,,
48540,38,70,770, middle,,
48653,35,67,769, middle,,
48766,39,69,769, middle,,
48879,37,69,770, middle,,
48992,37,67,769, middle,,
49105,39,70,770, middle,,
49218,36,68,770, middle,,
49331,38,67,769, middle,,
49446,37,69,769, middle,,
49559,37,69,769, middle,,
49672,36,67,769, middle,,
49785,37,70,770, middle,,
49898,37,68,768, middle,,
50011,36,67,768, middle,,
50124,40,70,770, middle,,
50237,36,68,770, middle,,
50350,37,68,769, middle,,
50463,39,70,770, middle,,
50576,37,68,770, middle,,
50689,40,68,769, middle,,
50802,38,70,771, middle,,
50915,38,67,768, middle,,
51028,39,69,769, middle,,
51141,40,70,769, middle,,
51254,37,67,769, middle,,
51367,41,69,770, middle,,
51482,42,70,770, middle,,
51595,36,67,769, middle,,
51708,40,69,770, middle,,
51821,39,70,769, middle,,
51934,37,67,768, middle,,
52047,40,69,769, middle,,
52160,40,69,769, middle,,
52273,36,67,769, middle,,
52386,40,70,769, middle,,
52499,39,69,770, middle,,
52612,37,67,769, middle,,
52725,40,70,770, middle,,
52838,38,68,769, middle,,
52951,38,68,769, middle,,
53064,41,70,770, middle,,
53177,37,68,769, middle,,
53290,39,68,769, middle,,
53403,41,70,769, middle,,
53518,37,68,770, middle,,
53631,39,68,769, middle,,
53744,42,70,769, middle,,
53857,37,68,768, middle,,
53970,40,68,770, middle,,
54083,42,70,769, middle,,
54196,38,68,769, middle,,
54309,40,69,769, middle,,
54422,41,70,769, middle,,
54535,37,67,769, middle,,
54648,42,70,770, middle,,
54761,41,70,770, middle,,
54874,38,67,769, middle,,
54987,42,70,769, middle,,
55100,40,69,769, middle,,
55213,37,67,769, middle,,
55326,42,70,770, middle,,
55439,38,68,769, middle,,
55552,39,68,769, middle,,
55667,42,70,770, middle,,
55780,39,69,769, middle,,
55893,38,68,769, middle,,
56006,41,70,770, middle,,
56119,39,68,770, middle,,
56232,38,68,770, middle,,
56345,42,70,770, middle,,
56458,39,68,769, middle,,
56571,40,68,769, middle,,
56684,43,70,769, middle,,
56797,39,68,769, middle,,
56910,42,69,769, middle,,
57023,43,70,770, middle,,
57136,37,67,769, middle,,
57249,43,70,768, middle,,
57362,41,70,770, middle,,
57475,39,67,769, middle,,
57588,43,70,769, middle,,
57703,42,70,769, middle,,
57816,40,67,769, middle,,
57929,43,70,769, middle,,
58042,42,70,769, middle,,
58155,40,68,769, middle,,
58268,42,70,769, middle,,
58381,41,69,769, middle,,
58494,39,68,769, middle,,
58607,44,70,769, middle,,
58720,39,68,769, middle,,
58833,40,68,769, middle,,
58946,42,70,769, middle,,
59059,38,68,769, middle,,
59172,41,69,768, middle,,
59285,43,70,769, middle,,
59398,39,68,769, middle,,
59511,42,69,767, middle,,
59624,43,70,769, middle,,
59739,40,68,769, middle,,
59852,42,69,770, middle,,
59965,43,70,769, middle,,
60078,39,68,770, middle,,
60191,43,69,770, middle,,
60304,43,70,770, middle,,
60417,43,67,769, middle,,
60530,49,69,769, middle,,
60643,36,68,769, middle,,
60756,26,64,768, middle,,
60869,29,65,769, middle,,
60982,28,63,768, middle,,
61095,26,60,769, middle,,
61208,30,62,768, middle,,
61321,29,60,770, middle,,
61434,27,59,767, middle,,
61547,26,61,769, middle,,
61660,21,65,768, middle,,
61775,23,100,771, middle,,
61889,28,125,774, middle,,
62003,30,155,777, middle,,
62117,30,161,779, middle,,
62231,34,150,776, middle,,
62345,34,148,776, middle,,
62459,29,137,774, middle,,
62573,31,140,773, middle,,
62687,35,154,777, middle,,
62801,35,145,775, middle,,
62915,35,136,772, middle,,
63029,35,115,769, middle,,
63143,31,113,769, middle,,
63257,34,104,767, middle,,
63371,36,101,767, middle,,
63485,34,114,769, middle,,
63599,38,102,769, middle,,
63713,36,89,766, middle,,
63828,39,91,765, middle,,
63941,37,93,767, middle,,
64054,37,84,766, middle,,
64167,37,78,764, right,,
64280,33,81,765, middle,,
64393,34,78,763, right,,
64506,35,63,761, right,,
64619,34,66,761, right,,
64732,40,67,763, right,,
64845,40,53,760, right,,
64958,35,61,761, right,,
65071,43,72,763, right,,
65184,41,81,765, middle,,
65297,38,70,763, right,,
65410,42,68,763, right,,
65523,38,69,763, right,,
65636,35,56,760, right,,
65749,37,60,762, right,,
65862,36,74,764, right,,
65977,37,61,762, right,,
66090,40,60,761, right,,
66203,38,65,762, right,,
66316,35,72,763, right,,
66429,39,68,762, right,,
66542,34,64,761, right,,
66655,35,60,762, right,,
66768,37,64,762, right,,
66881,34,68,762, right,,
66994,38,69,762, right,,
67107,41,79,764, right,,
67220,37,83,764, right,,
67333,38,90,766, middle,,
67446,37,67,762, right,,
67559,35,61,761, right,,
67672,40,70,762, right,,
67785,38,65,762, right,,
67898,37,56,760, right,,
68011,41,61,760, right,,
68126,40,67,762, right,,
68239,36,62,762, right,,
68352,39,66,761, right,,
68465,38,66,761, right,,
68578,37,64,760, right,,
68691,40,65,762, right,,
68804,38,64,760, right,,
68917,38,64,760, right,,
69030,41,63,761, right,,
69143,37,61,761, right,,
69256,39,62,761, right,,
69369,39,61,761, right,,
69482,38,61,761, right,,
69595,41,63,761, right,,
69708,40,61,761, right,,
69821,37,60,760, right,,
69934,41,63,762, right,,
70047,40,62,761, right,,
70160,38,60,761, right,,
70275,41,63,762, right,,
70388,41,64,760, right,,
70501,38,61,761, right,,
70614,41,63,761, right,,
70727,41,63,761, right,,
70840,39,60,761, right,,
70953,42,62,761, right,,
71066,40,63,761, right,,
71179,40,63,762, right,,
71292,43,63,761, right,,
71405,41,61,761, right,,
71518,41,62,761, right,,
71631,43,64,761, right,,
71744,40,61,761, right,,
71857,42,62,762, right,,
71970,44,64,761, right,,
72083,40,60,761, right,,
72196,42,63,760, right,,
72309,43,63,762, right,,
72424,40,60,761, right,,
72537,43,62,760, right,,
72650,44,63,761, right,,
72763,40,60,760, right,,
72876,43,62,761, right,,
72989,43,63,761, right,,
73102,41,60,761, right,,
73215,44,62,761, right,,
73328,42,62,761, right,,
73441,41,59,759, right,,
73554,45,63,761, right,,
73667,42,61,760, right,,
73780,41,60,761, right,,
73893,44,63,761, right,,
74006,42,61,761, right,,
74119,42,61,761, right,,
74232,44,63,761, right,,
74345,41,60,761, right,,
74458,43,62,760, right,,
74573,44,63,761, right,,
74686,41,60,760, right,,
74799,43,61,761, right,,
74912,45,63,762, right,,
75025,42,60,761, right,,
75138,43,61,760, right,,
75251,44,62,761, right,,
75364,41,59,760, right,,
75477,43,61,760, right,,
75590,44,61,760, right,,
75703,41,59,760, right,,
75816,45,62,761, right,,
75929,42,61,762, right,,
76042,42,59,761, right,,
76155,45,62,760, right,,
76268,43,60,761, right,,
76381,43,60,760, right,,
76494,45,63,761, right,,
76607,42,60,760, right,,
76722,42,60,761, right,,
76835,45,63,761, right,,
76948,43,61,760, right,,
77061,43,60,761, right,,
77174,45,63,761, right,,
77287,41,60,760, right,,
77400,44,61,760, right,,
77513,45,62,761, right,,
77626,42,60,760, right,,
77739,45,61,760, right,,
77852,46,62,760, right,,
77965,42,59,760, right,,
78078,44,60,760, right,,
78191,43,60,761, right,,
78304,41,60,761, right,,
78417,43,60,760, right,,
78530,43,59,760, right,,
78643,42,59,760, right,,
78756,47,62,760, right,,
78871,43,61,760, right,,
78984,43,60,760, right,,
79097,46,63,761, right,,
79210,44,61,760, right,,
79323,42,61,761, right,,
79436,46,63,763, right,,
79549,43,61,761, right,,
79662,44,61,760, right,,
79775,46,63,760, right,,
79888,43,60,761, right,,
80001,45,62,761, right,,
80114,46,63,761, right,,
80227,43,60,760, right,,
80340,46,62,760, right,,
80453,46,62,760, right,,
80566,43,59,760, right,,
80679,47,62,761, right,,
80792,45,61,761, right,,
80905,43,59,761, right,,
81020,46,61,760, right,,
81133,46,61,760, right,,
81246,44,59,760, right,,
81359,47,61,760, right,,
81472,45,60,760, right,,
81585,44,60,760, right,,
81698,48,62,761, right,,
81811,45,59,760, right,,
81924,45,60,761, right,,
82037,48,62,761, right,,
82150,44,59,760, right,,
82263,45,60,760, right,,
82376,48,62,761, right,,
82489,44,58,760, right,,
82602,47,60,760, right,,
82715,47,62,760, right,,
82828,44,58,760, right,,
82941,47,61,760, right,,
83054,47,61,760, right,,
83169,44,59,760, right,,
83282,47,61,762, right,,
83395,46,62,760, right,,
83508,44,59,760, right,,
83621,48,62,760, right,,
83734,46,61,761, right,,
83847,45,59,759, right,,
83960,48,61,761, right,,
84073,46,60,761, right,,
84186,45,58,761, right,,
84299,48,60,761, right,,
84412,43,58,760, right,,
84525,46,58,760, right,,
84638,48,60,761, right,,
84751,44,57,760, right,,
84864,47,58,760, right,,
84977,48,60,760, right,,
85090,44,57,759, right,,
85203,47,59,759, right,,
85318,48,60,760, right,,
85431,44,57,760, right,,
85544,47,59,760, right,,
85657,47,59,760, right,,
85770,43,57,759, right,,
85883,47,59,760, right,,
85996,45,59,760, right,,
86109,44,59,759, right,,
86222,47,60,761, right,,
86335,45,59,760, right,,
86448,45,59,760, right,,
86561,48,61,760, right,,
86674,44,59,761, right,,
86787,46,60,761, right,,
86900,48,61,761, right,,
87013,44,59,760, right,,
87126,47,61,760, right,,
87239,47,61,761, right,,
87352,44,58,760, right,,
87463,49,61,760, right,,
87576,45,59,760, right,,
87689,45,58,759, right,,
87802,49,61,760, right,,
87915,45,58,760, right,,
88028,46,59,759, right,,
88141,49,60,760, right,,
88254,45,58,759, right,,
88367,46,59,759, right,,
88480,48,60,760, right,,
88593,45,57,760, right,,
88706,48,59,760, right,,
88819,47,59,760, right,,
88932,45,57,759, right,,
89045,48,61,760, right,,
89158,46,60,761, right,,
89271,45,58,760, right,,
89384,48,62,760, right,,
89499,46,60,761, right,,
89612,45,59,760, right,,
89725,48,62,762, right,,
89838,46,60,761, right,,
89951,45,59,760, right,,
0,0,70,761, left,,
108,6,68,760, right,,
217,177,68,760, left,,
329,280,69,762, left,,
441,90,66,761, left,,
552,49,66,762, right,,
663,138,65,760, left,,
775,152,68,761, left,,
887,86,66,761, left,,
998,80,68,761, left,,
1109,125,68,761, left,,
1222,121,67,760, left,,
1335,100,69,761, left,,
1448,114,66,760, left,,
1561,118,67,760, left,,
1674,104,69,760, left,,
1787,105,66,759, left,,
1900,116,68,760, left,,
2015,111,69,760, left,,
2128,106,66,761, left,,
2241,108,68,760, left,,
2354,107,68,760, left,,
2467,104,66,760, left,,
2580,110,68,761, left,,
2693,109,68,761, left,,
2806,106,66,760, left,,
2919,112,68,761, left,,
3032,106,67,760, left,,
3145,106,67,760, left,,
3258,109,69,761, left,,
3371,105,67,760, left,,
3484,108,67,761, left,,
3597,110,69,761, left,,
3710,108,66,761, left,,
3823,110,68,759, left,,
3936,104,68,761, left,,
4049,97,66,760, left,,
4161,98,69,761, left,,
4275,55,68,761, right,,
4387,60,67,760, right,,
4499,69,70,761, right,,
4611,71,66,760, left,,
4723,52,68,760, right,,
4835,42,67,760, right,,
4947,42,67,760, right,,
5059,45,69,760, right,,
5171,43,66,760, right,,
5283,55,69,760, right,,
5395,47,67,761, right,,
5507,56,67,760, right,,
5619,58,68,760, right,,
5731,37,66,760, right,,
5843,44,69,761, right,,
5955,52,67,761, right,,
6067,64,68,761, right,,
6179,67,68,760, right,,
6291,57,66,761, right,,
6405,62,68,760, right,,
6517,63,67,760, right,,
6629,62,67,760, right,,
6741,64,68,761, right,,
6853,59,66,761, right,,
6965,63,68,760, right,,
7077,61,66,761, right,,
7189,63,67,760, right,,
7301,63,68,760, right,,
7413,61,66,760, right,,
7525,65,68,761, right,,
7637,62,66,760, right,,
7749,64,67,761, right,,
7861,62,68,761, right,,
7973,61,66,760, right,,
8085,68,68,762, right,,
8197,61,66,760, right,,
8309,67,68,760, right,,
8421,66,67,760, right,,
8533,82,66,760, left,,
8647,140,68,760, left,,
8760,116,67,760, left,,
8873,81,66,760, left,,
8985,37,68,760, right,,
9097,44,65,761, right,,
9209,64,68,761, right,,
9321,81,66,760, left,,
9433,91,66,760, left,,
9545,93,68,761, left,,
9657,83,65,759, left,,
9769,88,68,761, left,,
9881,84,66,760, left,,
9993,89,67,760, left,,
10105,87,68,760, left,,
10218,83,65,760, left,,
10331,90,68,760, left,,
10444,114,67,761, left,,
10558,132,66,759, left,,
10672,115,68,760, left,,
10786,107,68,760, left,,
10902,108,66,761, left,,
11016,125,66,761, left,,
11130,112,68,760, left,,
11244,93,66,761, left,,
11357,78,65,760, left,,
11470,62,68,762, right,,
11583,73,66,760, left,,
11696,70,67,761, left,,
11809,53,68,761, right,,
11922,63,66,760, right,,
12035,72,67,761, left,,
12148,66,67,762, right,,
12261,51,65,760, right,,
12374,62,67,760, right,,
12487,59,67,761, right,,
12600,51,65,760, right,,
12713,55,68,761, right,,
12826,52,66,760, right,,
12939,50,66,761, right,,
13054,56,68,761, right,,
13167,54,66,760, right,,
13280,53,65,759, right,,
13393,68,68,762, left,,
13506,86,66,761, left,,
13619,82,66,760, left,,
13732,85,68,762, left,,
13845,88,65,759, left,,
13958,94,67,760, left,,
14071,91,68,761, left,,
14184,68,65,760, left,,
14297,68,68,761, left,,
14410,69,67,760, left,,
14523,56,65,759, right,,
14636,58,68,760, right,,
14749,60,66,761, right,,
14862,54,66,760, right,,
14975,55,68,761, right,,
15088,56,65,760, right,,
15203,53,66,760, right,,
15316,57,68,761, right,,
15429,53,66,761, right,,
15542,53,66,760, right,,
15655,56,68,761, right,,
15768,52,65,761, right,,
15881,55,66,760, right,,
15994,56,68,760, right,,
16107,52,65,760, right,,
16220,55,67,760, right,,
16333,55,67,760, right,,
16446,53,65,760, right,,
16559,59,68,760, right,,
16672,61,66,761, right,,
16785,53,65,760, right,,
16898,60,68,763, right,,
17011,55,66,760, right,,
17124,49,66,760, right,,
17237,49,68,761, right,,
17352,50,66,760, right,,
17465,47,66,760, right,,
17578,51,68,761, right,,
17691,49,65,760, right,,
17804,48,66,760, right,,
17917,50,67,761, right,,
18030,47,65,761, right,,
18143,51,67,760, right,,
18256,51,67,760, right,,
18369,49,65,760, right,,
18482,53,67,759, right,,
18595,50,66,760, right,,
18708,51,65,760, right,,
18821,54,68,760, right,,
18934,51,66,760, right,,
19047,53,66,760, right,,
19160,55,67,760, right,,
19273,52,65,760, right,,
19386,55,66,761, right,,
19501,57,68,760, right,,
19614,53,65,760, right,,
19727,55,66,759, right,,
19840,57,67,761, right,,
19953,53,65,760, right,,
20066,57,66,760, right,,
20179,56,67,759, right,,
20292,53,65,760, right,,
20405,57,67,760, right,,
20518,54,66,761, right,,
20631,51,65,760, right,,
20744,55,67,760, right,,
20857,52,65,760, right,,
20970,52,66,760, right,,
21083,54,67,759, right,,
21196,50,65,760, right,,
21309,53,66,760, right,,
21422,52,67,761, right,,
21535,48,65,759, right,,
21650,49,66,760, right,,
21763,51,67,762, right,,
21876,47,65,759, right,,
21989,48,66,761, right,,
22102,47,67,761, right,,
22215,41,64,760, right,,
22328,45,67,760, right,,
22441,42,66,761, right,,
22554,41,65,759, right,,
22667,46,67,761, right,,
22780,41,66,760, right,,
22893,41,65,759, right,,
23006,44,67,760, right,,
23119,39,65,760, right,,
23232,42,66,760, right,,
23345,43,67,761, right,,
23458,39,64,760, right,,
23571,45,66,760, right,,
23684,43,67,760, right,,
23799,41,64,760, right,,
23912,44,66,761, right,,
24025,45,66,760, right,,
24138,41,64,760, right,,
24251,45,66,759, right,,
24364,42,66,761, right,,
24477,42,64,761, right,,
24590,45,67,760, right,,
24703,42,65,760, right,,
24816,43,65,760, right,,
24929,47,67,761, right,,
25042,43,65,761, right,,
25155,45,65,762, right,,
25268,46,67,760, right,,
25381,68,64,760, left,,
25494,79,66,760, left,,
25607,36,66,761, right,,
25720,15,64,759, right,,
25833,34,66,760, right,,
25948,44,66,761, right,,
26061,50,64,758, right,,
26174,57,66,760, right,,
26287,51,66,760, right,,
26400,46,64,760, right,,
26513,55,66,760, right,,
26626,51,65,761, right,,
26739,47,64,759, right,,
26852,50,67,760, right,,
26965,49,64,760, right,,
27078,51,65,760, right,,
27191,51,66,761, right,,
27304,44,64,760, right,,
27417,48,66,759, right,,
27530,48,66,761, right,,
27643,42,64,760, right,,
27756,48,66,761, right,,
27869,52,66,760, right,,
27982,43,64,760, right,,
28097,45,66,761, right,,
28210,49,66,761, right,,
28323,45,64,759, right,,
28436,48,66,760, right,,
28549,46,65,761, right,,
28662,46,64,759, right,,
28775,50,67,760, right,,
28888,46,64,760, right,,
29001,49,65,761, right,,
29114,54,66,760, right,,
29227,50,64,760, right,,
29340,48,66,760, right,,
29453,81,66,760, left,,
29566,102,64,760, left,,
29680,121,65,760, left,,
29794,132,66,761, left,,
29908,128,64,761, left,,
30022,125,65,762, left,,
30136,89,66,765, middle,,
30251,0,64,765, middle,,
30363,0,61,765, middle,,
30475,0,60,767, middle,,
30587,0,55,766, middle,,
30699,4,56,766, middle,,
30811,2,50,765, middle,,
30923,12,54,765, middle,,
31036,32,58,768, middle,,
31149,55,57,770, middle,,
31262,64,61,769, middle,,
31375,53,64,767, middle,,
31488,38,62,768, middle,,
31601,26,63,768, middle,,
31714,1,61,770, middle,,
31826,0,61,768, middle,,
31938,8,64,768, middle,,
32050,3,57,765, middle,,
32162,11,58,763, right,,
32275,18,56,763, right,,
32390,20,55,762, right,,
32503,24,61,765, middle,,
32616,33,61,768, middle,,
32729,35,57,768, middle,,
32842,26,60,769, middle,,
32955,21,58,769, middle,,
33068,19,57,767, middle,,
33181,11,58,767, middle,,
33294,19,55,766, middle,,
33407,31,57,769, middle,,
33520,41,61,771, middle,,
33633,23,60,769, middle,,
33746,24,63,768, middle,,
33859,30,64,767, middle,,
33972,21,62,768, middle,,
34085,27,65,769, middle,,
34198,26,62,770, middle,,
34311,25,61,769, middle,,
34426,33,64,768, middle,,
34539,29,64,769, middle,,
34652,25,62,768, middle,,
34765,29,65,769, middle,,
34878,27,63,769, middle,,
34991,26,63,769, middle,,
35104,30,66,769, middle,,
35217,27,63,769, middle,,
35330,28,64,769, middle,,
35443,30,66,769, middle,,
35556,27,63,768, middle,,
35669,29,65,769, middle,,
35782,28,66,769, middle,,
35895,28,64,768, middle,,
36008,30,66,769, middle,,
36121,29,65,769, middle,,
36234,29,64,768, middle,,
36347,31,67,769, middle,,
36460,28,65,769, middle,,
36571,31,66,768, middle,,
36684,31,67,768, middle,,
36797,29,64,768, middle,,
36910,33,67,769, middle,,
37023,32,66,769, middle,,
37136,30,65,768, middle,,
37249,33,68,769, middle,,
37362,31,66,769, middle,,
37475,31,66,768, middle,,
37588,29,69,769, middle,,
37701,36,66,770, middle,,
37814,42,66,769, middle,,
37927,48,68,769, middle,,
38040,35,65,769, middle,,
38153,38,67,769, middle,,
38266,38,67,770, middle,,
38379,36,64,768, middle,,
38492,41,67,770, middle,,
38607,41,67,769, middle,,
38720,38,64,768, middle,,
38833,39,67,770, middle,,
38946,38,67,769, middle,,
39059,35,65,769, middle,,
39172,38,68,769, middle,,
39285,39,66,769, middle,,
39398,37,66,767, middle,,
39511,37,68,769, middle,,
39624,35,65,769, middle,,
39737,35,67,769, middle,,
39850,38,68,769, middle,,
39963,34,66,769, middle,,
40076,37,68,769, middle,,
40189,37,68,769, middle,,
40302,34,66,770, middle,,
40415,39,68,769, middle,,
40528,37,67,768, middle,,
40643,35,66,769, middle,,
40756,39,68,768, middle,,
40869,37,68,769, middle,,
40982,36,66,768, middle,,
41095,40,69,769, middle,,
41208,36,67,769, middle,,
41321,37,67,768, middle,,
41434,40,69,769, middle,,
41547,36,67,769, middle,,
41660,38,68,769, middle,,
41773,39,70,769, middle,,
41886,36,67,770, middle,,
41999,39,69,769, middle,,
42112,38,69,768, middle,,
42225,35,67,769, middle,,
42338,40,69,769, middle,,
42451,37,69,769, middle,,
42564,39,67,770, middle,,
42679,41,70,770, middle,,
42792,39,69,769, middle,,
42905,38,67,769, middle,,
43018,42,70,769, middle,,
43131,39,68,770, middle,,
43244,39,68,769, middle,,
43357,43,70,770, middle,,
43470,39,68,769, middle,,
43583,41,69,769, middle,,
43696,42,70,769, middle,,
43809,40,68,769, middle,,
43922,42,70,769, middle,,
44035,40,70,771, middle,,
44148,39,68,769, middle,,
44261,43,70,769, middle,,
44374,40,69,769, middle,,
44487,29,69,769, middle,,
44600,33,72,770, middle,,
44713,28,70,768, middle,,
44828,24,68,769, middle,,
44941,28,71,770, middle,,
45054,27,70,769, middle,,
45167,29,70,769, middle,,
45280,29,73,769, middle,,
45393,29,71,770, middle,,
45506,41,71,769, middle,,
45619,44,73,770, middle,,
45732,43,70,769, middle,,
45845,53,72,770, middle,,
45958,46,72,770, middle,,
46071,42,69,769, middle,,
46184,50,72,769, middle,,
46297,39,70,770, middle,,
46410,47,70,770, middle,,
46523,43,72,770, middle,,
46636,39,70,770, middle,,
46749,42,70,770, middle,,
46864,44,72,770, middle,,
46977,39,70,770, middle,,
47090,39,70,770, middle,,
47203,43,72,769, middle,,
47316,38,70,770, middle,,
47429,41,71,770, middle,,
47542,41,72,770, middle,,
47655,37,69,770, middle,,
47768,42,72,769, middle,,
47881,43,72,771, middle,,
47994,38,69,769, middle,,
48107,41,72,770, middle,,
48220,40,71,770, middle,,
48333,39,70,770, middle,,
48446,42,72,770, middle,,
48559,40,70,770, middle,,
48672,40,70,769, middle,,
48785,42,72,770, middle,,
49013,39,70,769, middle,,
49126,42,72,770, middle,,
49239,38,70,769, middle,,
49352,41,71,769, middle,,
49465,40,72,769, middle,,
49578,37,70,770, middle,,
49691,40,72,770, middle,,
49803,39,71,770, middle,,
49916,38,70,770, middle,,
50029,41,72,769, middle,,
50142,40,70,769, middle,,
50255,39,70,769, middle,,
50368,41,72,770, middle,,
50481,38,70,769, middle,,
50594,38,71,769, middle,,
50707,40,72,770, middle,,
50820,37,69,769, middle,,
50933,40,71,769, middle,,
51046,40,72,770, middle,,
51157,37,70,770, middle,,
51270,41,73,770, middle,,
51383,37,70,770, middle,,
51496,39,70,769, middle,,
51609,41,72,770, middle,,
51722,38,70,770, middle,,
51835,39,71,770, middle,,
51948,41,72,770, middle,,
52061,38,69,769, middle,,
52174,41,72,770, middle,,
52287,41,72,770, middle,,
52400,39,69,768, middle,,
52513,42,72,769, middle,,
52626,40,71,769, middle,,
52739,39,70,770, middle,,
52852,42,72,770, middle,,
52965,38,70,770, middle,,
53078,39,70,770, middle,,
53193,41,72,770, middle,,
53306,38,70,770, middle,,
53419,38,70,769, middle,,
53532,40,72,770, middle,,
53645,37,70,769, middle,,
53758,40,71,770, middle,,
53871,41,72,771, middle,,
53984,38,69,770, middle,,
54097,41,72,770, middle,,
54210,41,72,770, middle,,
54323,38,69,769, middle,,
54436,42,72,769, middle,,
54549,41,71,770, middle,,
54662,39,70,769, middle,,
54775,43,72,770, middle,,
54888,39,70,769, middle,,
55001,39,70,770, middle,,
55114,41,72,770, middle,,
55229,38,70,768, middle,,
55342,38,70,769, middle,,
55455,41,72,770, middle,,
55568,37,70,769, middle,,
55681,39,71,769, middle,,
55794,40,72,771, middle,,
55907,37,70,769, middle,,
56020,40,72,769, middle,,
56133,39,72,769, middle,,
56246,36,69,769, middle,,
56359,39,72,770, middle,,
56472,38,71,770, middle,,
56585,37,70,769, middle,,
56698,41,72,771, middle,,
56811,37,70,770, middle,,
56924,37,70,769, middle,,
57037,41,72,770, middle,,
57150,37,70,769, middle,,
57265,37,70,769, middle,,
57378,39,73,769, middle,,
57491,36,70,769, middle,,
57604,38,70,769, middle,,
57717,39,72,770, middle,,
57830,35,70,770, middle,,
57943,38,71,770, middle,,
58056,38,72,770, middle,,
58169,36,69,769, middle,,
58282,39,72,770, middle,,
58395,34,71,770, middle,,
58508,29,69,770, middle,,
58621,31,72,770, middle,,
58734,28,70,769, middle,,
58847,32,69,769, middle,,
58960,37,71,770, middle,,
59073,31,69,769, middle,,
59186,29,69,769, middle,,
59299,29,70,770, middle,,
59414,22,66,769, middle,,
59527,24,64,768, middle,,
59640,27,65,768, middle,,
59753,24,61,768, middle,,
59866,25,62,769, middle,,
59979,21,62,768, middle,,
60092,16,63,767, middle,,
60205,18,76,768, middle,,
60318,25,105,770, middle,,
60432,24,142,775, middle,,
60546,34,158,777, middle,,
60660,32,153,778, middle,,
60774,28,140,774, middle,,
60888,28,144,774, middle,,
61002,32,154,775, middle,,
61116,30,155,774, middle,,
61230,40,158,775, middle,,
61344,42,148,775, middle,,
61460,34,132,772, middle,,
61574,36,116,769, middle,,
61688,41,82,764, right,,
61801,35,70,762, right,,
61914,36,138,772, middle,,
62028,44,142,775, middle,,
62142,38,110,769, middle,,
62256,31,85,765, middle,,
62369,36,101,766, middle,,
62483,38,108,769, middle,,
62597,34,90,765, middle,,
62710,36,92,765, middle,,
62823,37,93,765, middle,,
62936,38,84,763, right,,
63049,41,58,760, right,,
63162,38,47,759, right,,
63275,37,46,759, right,,
63388,38,57,760, right,,
63503,36,44,758, right,,
63616,41,67,762, right,,
63729,52,92,766, middle,,
63842,48,78,764, right,,
63955,49,70,764, right,,
64068,48,82,765, middle,,
64181,37,79,764, right,,
64294,34,64,762, right,,
64407,36,68,762, right,,
64520,36,72,763, right,,
64633,40,57,760, right,,
64746,43,55,760, right,,
64859,41,62,761, right,,
64972,44,64,762, right,,
65085,39,59,761, right,,
65198,39,62,761, right,,
65311,44,64,761, right,,
65424,41,57,761, right,,
65537,42,62,761, right,,
65652,43,61,761, right,,
65765,40,58,761, right,,
65878,41,61,760, right,,
65991,45,62,762, right,,
66104,41,59,761, right,,
66217,43,61,761, right,,
66330,44,62,761, right,,
66443,41,59,761, right,,
66556,44,62,762, right,,
66668,42,61,761, right,,
66781,42,60,761, right,,
66894,45,62,762, right,,
67007,42,60,762, right,,
67120,43,59,763, right,,
67233,47,62,762, right,,
67346,43,61,761, right,,
67459,43,61,760, right,,
67572,44,62,762, right,,
67684,42,60,760, right,,
67799,44,61,760, right,,
67912,44,62,761, right,,
68025,41,59,761, right,,
68138,44,62,761, right,,
68251,43,62,762, right,,
68364,40,59,760, right,,
68477,43,62,761, right,,
68590,41,60,761, right,,
68703,40,60,761, right,,
68816,43,62,761, right,,
68929,40,60,761, right,,
69042,42,60,761, right,,
69155,43,62,762, right,,
69268,41,59,761, right,,
69381,44,61,762, right,,
69494,44,62,761, right,,
69607,39,59,761, right,,
69720,43,62,761, right,,
69833,42,60,762, right,,
69948,41,59,760, right,,
70061,44,62,761, right,,
70174,41,61,761, right,,
70287,38,59,760, right,,
70400,43,62,761, right,,
70513,40,60,760, right,,
70626,40,59,760, right,,
70739,44,62,762, right,,
70852,40,58,761, right,,
70965,40,59,761, right,,
71078,42,61,760, right,,
71191,38,59,761, right,,
71304,41,61,760, right,,
71417,42,61,761, right,,
71530,39,58,760, right,,
71643,42,61,761, right,,
71756,40,61,762, right,,
71869,38,59,761, right,,
71982,41,62,761, right,,
72097,40,62,762, right,,
72210,36,59,760, right,,
72323,39,62,761, right,,
72436,37,60,760, right,,
72549,36,59,761, right,,
72662,39,62,761, right,,
72775,36,59,761, right,,
72888,35,60,760, right,,
73001,38,62,761, right,,
73114,34,59,761, right,,
73227,37,61,761, right,,
73340,38,62,762, right,,
73453,34,58,760, right,,
73566,38,61,762, right,,
73679,37,61,762, right,,
73792,34,59,760, right,,
73905,38,61,761, right,,
74018,35,60,761, right,,
74131,35,58,761, right,,
74246,38,61,761, right,,
74359,36,60,761, right,,
74472,35,58,760, right,,
74585,38,62,761, right,,
74698,35,60,761, right,,
74811,35,59,760, right,,
74924,38,62,761, right,,
75037,34,59,761, right,,
75150,38,60,761, right,,
75263,37,61,762, right,,
75376,33,58,760, right,,
75489,37,60,761, right,,
75602,37,60,761, right,,
75715,35,58,760, right,,
75828,37,61,761, right,,
75941,35,60,761, right,,
76054,35,59,761, right,,
76167,37,61,761, right,,
76280,34,58,761, right,,
76395,35,58,760, right,,
76508,37,61,760, right,,
76621,35,59,762, right,,
76734,35,59,760, right,,
76847,38,61,761, right,,
76960,34,58,760, right,,
77073,37,60,761, right,,
77186,37,61,761, right,,
77299,34,58,760, right,,
77412,37,60,761, right,,
77525,37,60,762, right,,
77638,34,58,760, right,,
77751,38,61,761, right,,
77864,35,59,761, right,,
77977,35,58,760, right,,
78090,38,61,761, right,,
78203,35,59,760, right,,
78316,35,59,760, right,,
78429,38,61,761, right,,
78540,34,58,760, right,,
78653,38,61,761, right,,
78766,35,60,761, right,,
78879,35,58,760, right,,
78992,39,61,761, right,,
79105,36,58,760, right,,
79218,37,58,760, right,,
79331,40,61,761, right,,
79444,37,58,760, right,,
79557,39,59,761, right,,
79670,40,60,761, right,,
79783,37,58,760, right,,
79896,40,60,761, right,,
80009,40,60,761, right,,
80122,38,58,760, right,,
80235,41,60,761, right,,
80348,39,59,761, right,,
80461,39,58,760, right,,
80576,42,60,760, right,,
80689,40,59,760, right,,
80802,39,58,760, right,,
80915,43,61,761, right,,
81028,39,58,761, right,,
81141,39,59,760, right,,
81254,40,61,761, right,,
81367,35,58,761, right,,
81480,37,60,761, right,,
81593,36,60,761, right,,
81706,33,58,760, right,,
81819,36,60,761, right,,
81932,36,60,760, right,,
82045,33,58,760, right,,
82158,37,60,761, right,,
82271,35,59,760, right,,
82384,34,58,761, right,,
82497,36,61,761, right,,
82610,34,58,760, right,,
82725,34,57,760, right,,
82838,37,60,761, right,,
82951,34,58,760, right,,
83064,34,58,760, right,,
83177,37,61,761, right,,
83290,34,58,760, right,,
83403,36,59,760, right,,
83516,36,60,762, right,,
83629,33,57,760, right,,
83742,36,60,761, right,,
83855,36,60,761, right,,
83968,33,57,760, right,,
84081,37,60,761, right,,
84194,34,59,761, right,,
84307,33,58,760, right,,
84420,37,61,761, right,,
84533,34,58,761, right,,
84646,35,58,761, right,,
84759,36,61,761, right,,
84874,34,58,760, right,,
84987,34,58,761, right,,
85100,37,60,761, right,,
85213,33,58,760, right,,
85326,35,59,760, right,,
85439,36,60,761, right,,
85552,33,57,760, right,,
85665,36,60,760, right,,
85778,36,60,761, right,,
85891,33,57,761, right,,
86004,37,60,760, right,,
86117,35,59,760, right,,
86230,34,57,760, right,,
86343,37,60,761, right,,
86456,35,58,761, right,,
86569,35,58,761, right,,
86682,36,60,761, right,,
86795,33,57,761, right,,
86908,35,59,761, right,,
87023,37,60,760, right,,
87136,33,58,760, right,,
87249,36,59,761, right,,
87362,36,60,760, right,,
87475,33,57,759, right,,
87588,36,60,761, right,,
87701,36,60,761, right,,
87814,33,57,759, right,,
87927,37,60,760, right,,
88040,35,59,760, right,,
88153,34,58,760, right,,
88266,37,60,760, right,,
88379,34,58,760, right,,
88492,34,58,759, right,,
88605,37,60,761, right,,
88718,33,57,761, right,,
88831,36,59,761, right,,
88944,37,60,760, right,,
89057,33,57,760, right,,
89172,36,58,761, right,,
89285,36,60,761, right,,
89398,33,57,760, right,,
89511,36,59,761, right,,
89624,36,59,761, right,,
89737,34,57,760, right,,
89850,38,60,760, right,,
89963,37,59,761, right,,
