Timestamp (ms), rf Distance left, rf Distance right, Label
0,119,102, right
104,119,103, right
220,119,106, right
336,119,104, right
453,119,105, right
569,119,105, right
696,119,105, right
824,119,105, right
951,119,105, right
1068,119,105, right
1196,119,105, right
1325,119,105, right
1453,119,105, right
1582,119,105, right
1711,119,105, right
1839,119,105, right
1970,119,105, right
2099,119,105, right
2227,119,104, right
2345,119,104, right
2462,119,102, right
2579,119,104, right
2696,119,104, right
2814,119,106, right
2931,119,102, right
3048,119,102, right
3165,119,102, right
3283,63,102, left
3397,60,102, left
3510,60,102, left
3638,59,102, left
3752,55,102, left
3865,55,102, left
3993,115,102, right
4111,54,102, left
4226,117,102, right
4344,117,102, right
4462,49,102, left
4576,120,102, right
4694,117,102, right
4812,117,102, right
4930,117,102, right
5059,117,102, right
5187,117,102, right
5316,117,102, right
5444,117,102, right
5573,118,102, right
5691,118,102, right
5819,60,102, left
5933,118,102, right
6051,116,102, right
6169,117,102, right
6290,115,102, right
6408,115,102, right
6526,115,102, right
6654,118,102, right
6772,122,102, right
6891,122,102, right
7019,122,102, right
7148,115,102, right
7266,118,105, right
7373,116,105, right
7491,116,108, middle
7598,118,108, middle
7716,118,112, middle
7834,107,114, middle
7941,99,112, left
8046,116,99, right
8151,70,111, left
8255,70,111, left
8374,63,111, left
8477,117,112, middle
8584,117,112, middle
8692,60,111, left
8795,57,118, left
8898,116,118, middle
9016,54,115, left
9119,78,115, left
9234,78,114, left
9338,116,114, middle
9456,78,114, left
9571,116,114, middle
9689,77,114, left
9803,81,114, left
9918,116,114, middle
10036,115,114, middle
10155,115,114, middle
10285,116,114, middle
10407,116,114, middle
10526,115,114, middle
10645,116,114, middle
10764,116,114, middle
10893,116,114, middle
11023,116,114, middle
11153,116,114, middle
11282,116,114, middle
11523,116,114, middle
11652,116,114, middle
11782,116,114, middle
11911,116,114, middle
12041,116,114, middle
12170,116,114, middle
12300,116,114, middle
12429,116,114, middle
12559,116,114, middle
12691,116,114, middle
12820,116,115, middle
12939,116,115, middle
13058,116,115, middle
13188,116,115, middle
13317,116,115, middle
13447,116,115, middle
13576,116,115, middle
13706,116,115, middle
13835,116,115, middle
13965,116,115, middle
14094,116,115, middle
14213,116,115, middle
14343,116,115, middle
14472,116,115, middle
14602,116,115, middle
14723,116,117, middle
14842,116,115, middle
14961,116,115, middle
15091,116,115, middle
15220,116,115, middle
15350,116,115, middle
15479,116,115, middle
15609,116,115, middle
15738,116,115, middle
15868,116,115, middle
15997,116,115, middle
16127,116,115, middle
16256,116,115, middle
16386,116,115, middle
16515,116,115, middle
16645,116,115, middle
16774,116,115, middle
16906,116,115, middle
17036,116,115, middle
17165,116,115, middle
17295,116,115, middle
17424,116,115, middle
17554,116,115, middle
17683,116,115, middle
17813,116,115, middle
17943,116,115, middle
18072,116,115, middle
18202,116,115, middle
18331,116,115, middle
18461,116,115, middle
18590,116,115, middle
18720,116,115, middle
18849,116,115, middle
18981,116,115, middle
19111,116,115, middle
19240,68,114, left
19345,68,114, left
19473,67,114, left
19588,67,114, left
19717,65,114, left
19832,65,114, left
19960,65,114, left
20089,65,114, left
20217,115,114, middle
20336,115,114, middle
20466,115,114, middle
20585,115,114, middle
20704,115,114, middle
20833,115,114, middle
20963,115,114, middle
21095,115,114, middle
21224,115,114, middle
21354,115,114, middle
21483,115,114, middle
21613,115,114, middle
21742,115,114, middle
21872,115,114, middle
22001,115,114, middle
22131,115,114, middle
22260,115,114, middle
22390,115,114, middle
22519,115,114, middle
22649,115,114, middle
22778,115,114, middle
22908,115,114, middle
23037,115,102, right
23156,116,102, right
23277,67,102, left
23392,67,102, left
23521,118,102, right
23640,118,102, right
23769,118,102, right
23899,118,119, middle
24018,52,119, left
24132,52,119, left
24261,117,101, right
24369,117,101, right
24488,117,101, right
24607,117,101, right
24736,55,101, left
24851,59,101, left
24965,59,101, left
25094,59,101, left
25222,59,101, left
25351,59,101, left
25482,55,101, left
25596,55,101, left
25711,55,101, left
25825,59,101, left
25940,58,101, left
26055,55,101, left
26169,54,101, left
26284,57,101, left
26398,56,101, left
26513,55,101, left
26627,55,101, left
26742,55,101, left
26856,54,101, left
26971,55,101, left
27085,55,101, left
27200,55,101, left
27314,55,101, left
27429,57,101, left
27546,57,106, left
27663,57,106, left
27791,59,106, left
27906,57,106, left
28021,57,106, left
28135,56,106, left
28250,57,106, left
28365,58,106, left
28479,59,106, left
28594,119,106, right
28713,119,106, right
28832,117,107, middle
28940,118,107, right
29048,117,106, right
29156,115,106, middle
29275,115,106, middle
29394,115,106, middle
29516,118,106, right
29635,119,109, middle
29743,119,108, right
29862,119,108, right
29991,119,108, right
30121,119,108, right
30250,119,108, right
30380,119,108, right
30509,67,108, left
30624,116,108, middle
30743,119,108, right
30863,87,120, left
30969,87,76, right
31083,87,71, right
31198,38,71, left
31310,38,99, left
31426,109,99, middle
31544,68,99, left
31660,68,97, left
31776,68,99, left
31892,68,104, left
32009,109,104, middle
32128,100,97, middle
32233,97,113, left
32340,90,115, left
32446,90,115, left
32574,90,104, left
32691,100,102, middle
32798,101,114, left
32906,101,107, middle
33024,101,111, middle
33143,101,111, middle
33272,101,92, middle
33389,104,111, middle
33497,101,111, middle
33617,101,111, middle
33747,105,91, right
33852,105,106, middle
33971,111,95, right
34077,99,106, middle
34182,88,105, left
34288,98,82, right
34391,69,101, left
34495,98,101, middle
34612,72,89, left
34714,97,96, middle
34819,72,96, left
34933,85,111, left
35038,85,108, left
35156,106,108, middle
35263,112,108, middle
35382,107,108, middle
35501,106,86, right
35608,108,86, right
35726,108,97, right
35832,111,97, right
35949,113,90, right
36055,114,95, right
36161,114,95, right
36278,114,96, right
36395,114,90, right
36512,114,88, right
36628,114,97, right
36745,114,93, right
36851,115,92, right
36957,115,92, right
37085,112,92, right
37203,112,92, right
37331,113,92, right
37449,117,92, right
37567,117,92, right
37688,117,90, right
37804,119,91, right
37910,119,91, right
38039,119,91, right
38167,112,95, right
38273,113,92, right
38379,114,92, right
38497,114,94, right
38603,111,92, right
38709,115,92, right
38815,115,95, right
38921,111,95, right
39039,113,95, right
39157,112,95, right
39274,114,95, right
39392,116,95, right
39510,113,95, right
39630,114,95, right
39748,124,95, right
39867,124,95, right
39995,124,94, right
40112,119,94, right
40230,119,91, right
40347,119,91, right
40463,119,91, right
40580,119,94, right
40697,119,94, right
40825,119,90, right
40941,112,90, right
41059,71,90, left
41174,119,90, right
41292,74,94, left
41395,74,94, left
41522,73,94, left
41636,72,89, left
41741,72,89, left
41869,72,89, left
41996,73,114, left
42101,73,117, left
42219,73,117, left
42347,73,117, left
42463,73,117, left
42578,74,117, left
42694,72,115, left
42799,73,115, left
42914,73,115, left
43043,84,115, left
43159,84,116, left
43277,84,116, left
43405,84,114, left
43523,84,112, left
43641,77,112, left
43757,77,116, left
43875,117,114, middle
43985,118,114, middle
44105,118,113, middle
44223,115,113, middle
44342,116,114, middle
44451,116,114, middle
44559,116,114, middle
44689,116,115, middle
44797,117,112, middle
44905,117,117, middle
45024,82,117, left
45141,83,114, left
45246,83,90, middle
45349,84,90, middle
45464,81,90, middle
45579,81,90, middle
45694,82,90, middle
45809,81,93, left
45915,83,95, left
46018,82,95, left
46121,82,92, middle
46224,81,92, left
46327,82,97, left
46431,82,95, left
46534,83,95, left
46649,82,99, left
46753,82,99, left
46868,81,119, left
46973,81,113, left
47079,81,113, left
47195,82,115, left
47300,81,115, left
47405,81,115, left
47521,106,96, middle
47627,115,124, middle
47736,102,96, middle
47844,101,93, middle
47949,115,101, right
48057,116,98, right
48163,116,101, right
48271,116,101, right
48400,117,98, right
48507,117,98, right
48624,80,96, left
48727,81,95, left
48830,115,95, right
48937,82,95, left
49040,82,96, left
49156,80,97, left
49259,80,104, left
49376,81,97, left
49480,123,97, right
49598,82,93, left
49701,81,95, left
49807,81,95, left
49922,80,95, left
50025,81,109, left
50130,80,95, left
50233,78,110, left
50338,80,94, left
50441,78,91, left
50544,77,92, left
50647,75,98, left
50750,76,92, left
50853,78,92, left
50967,76,93, left
51070,76,97, left
51173,77,97, left
51288,79,93, left
51391,80,95, left
51494,78,92, left
51597,76,92, left
51700,82,94, left
51805,80,94, left
51909,78,92, left
52011,80,93, left
52114,77,96, left
52217,75,93, left
52320,81,92, left
52423,76,93, left
52526,77,93, left
52629,77,91, left
52744,77,89, left
52847,75,92, left
52950,76,98, left
53053,78,96, left
53156,79,96, left
53271,122,96, right
53389,108,96, right
53507,108,96, right
53635,114,96, right
53753,110,96, right
53873,96,96, middle
53989,101,96, middle
54106,111,96, right
54224,104,110, middle
54331,104,106, middle
54450,99,106, middle
54556,101,109, middle
54663,100,109, middle
54781,100,109, middle
54899,101,109, middle
55018,101,109, middle
55147,101,109, middle
55277,116,109, middle
55396,116,109, middle
55525,116,109, middle
55655,109,106, middle
55765,118,106, right
55884,118,106, right
56013,119,106, right
56132,119,113, middle
56251,112,115, middle
56359,115,114, middle
56468,114,114, middle
56587,115,114, middle
56706,98,119, left
56812,109,119, middle
56931,121,119, middle
57050,118,96, right
57157,108,95, right
57262,105,95, middle
57380,118,94, right
57486,119,94, right
57604,114,94, right
57725,105,94, right
57842,108,94, right
57959,108,112, middle
58078,108,111, middle
58197,108,107, middle
58315,111,107, middle
58434,110,110, middle
58542,110,107, middle
58661,81,107, left
58776,111,107, middle
58895,111,107, middle
59025,111,107, middle
59154,111,107, middle
59284,111,61, right
59398,111,61, right
59527,111,88, right
59643,111,82, right
59762,111,92, right
59878,111,89, right
59995,111,89, right
60123,111,89, right
60252,111,89, right
60380,111,89, right
60509,111,63, right
60624,111,64, right
60739,115,64, right
60856,115,64, right
60985,115,64, right
61113,117,40, right
61217,117,40, right
61345,117,39, right
61459,117,39, right
61577,117,39, right
61705,117,39, right
61834,117,44, right
61950,117,44, right
62078,117,44, right
62207,117,44, right
62335,119,44, right
62453,119,44, right
62582,121,44, right
62700,121,44, right
62829,121,62, right
62944,120,62, right
63062,116,62, right
63180,116,62, right
63298,116,62, right
63416,119,62, right
63534,114,62, right
63652,116,62, right
63770,115,62, right
63888,115,62, right
64016,115,61, right
64123,117,62, right
64227,114,62, right
64345,117,62, right
64463,119,62, right
64581,115,62, right
64699,117,62, right
64817,116,62, right
64921,114,62, right
65039,117,62, right
65157,115,62, right
65275,117,62, right
65393,117,62, right
65522,117,41, right
65635,115,41, right
65753,117,41, right
65871,117,41, right
65989,117,41, right
66120,117,41, right
66249,116,41, right
66367,116,41, right
66495,116,41, right
66624,116,41, right
66752,116,41, right
66881,116,41, right
67009,116,41, right
67138,116,41, right
67266,116,41, right
67395,115,41, right
67513,115,41, right
67642,115,41, right
67770,115,41, right
67899,115,41, right
68027,115,41, right
68156,115,41, right
68284,116,41, right
68405,116,41, right
68533,116,41, right
68662,117,41, right
68780,115,41, right
68898,117,41, right
69016,114,41, right
69133,114,41, right
69262,114,41, right
69390,114,41, right
69519,114,41, right
69647,114,41, right
69776,115,41, right
69894,115,41, right
70022,115,41, right
70151,115,41, right
70269,115,41, right
70397,115,41, right
70526,115,41, right
70657,115,41, right
70785,115,41, right
70913,115,41, right
71042,115,41, right
71170,115,41, right
71299,116,41, right
71417,113,41, right
71535,113,41, right
71663,113,41, right
71792,115,41, right
71910,115,41, right
72038,115,41, right
72166,115,41, right
72295,113,41, right
72413,113,41, right
72541,113,41, right
72670,113,41, right
72801,113,41, right
72929,113,41, right
73047,114,41, right
73165,115,41, right
73283,116,41, right
73401,116,41, right
73529,116,41, right
73647,116,41, right
73765,116,41, right
73894,116,41, right
74022,116,41, right
74151,116,41, right
74279,115,41, right
74397,115,41, right
74525,113,41, right
74643,115,41, right
74761,115,41, right
74890,117,41, right
75010,115,41, right
75128,115,41, right
75256,115,41, right
75374,115,41, right
75492,115,41, right
75610,115,41, right
75739,115,41, right
75867,115,41, right
75996,115,41, right
76124,115,41, right
76253,115,41, right
76381,115,41, right
76510,112,41, right
76628,112,41, right
76756,115,41, right
76874,118,41, right
76992,115,41, right
77110,116,41, right
77231,115,41, right
77349,113,41, right
77466,113,41, right
77584,113,41, right
77702,114,41, right
77820,114,41, right
77948,114,41, right
78077,114,41, right
78205,114,41, right
78334,114,41, right
78462,114,41, right
78591,114,41, right
78719,114,41, right
78848,114,41, right
78976,114,41, right
79105,115,41, right
79223,115,41, right
79343,115,41, right
79471,115,41, right
79600,115,41, right
79728,115,41, right
79857,115,41, right
79985,115,41, right
80114,115,41, right
80242,115,41, right
80360,114,41, right
80478,114,41, right
80596,115,41, right
80714,115,41, right
80832,115,41, right
80960,115,41, right
81078,115,41, right
81196,115,41, right
81314,115,41, right
81432,116,41, right
81552,116,41, right
81681,116,41, right
81799,113,41, right
81916,116,41, right
82034,116,41, right
82163,112,41, right
82281,115,41, right
82398,115,41, right
82516,117,41, right
82634,117,41, right
82763,117,41, right
82891,115,41, right
83009,113,41, right
83127,113,41, right
83255,115,41, right
83373,113,41, right
83491,113,41, right
83620,113,41, right
83751,113,41, right
83879,113,41, right
84008,113,41, right
84136,113,41, right
84265,113,41, right
84393,113,41, right
84522,113,41, right
84650,113,41, right
84778,113,41, right
84907,113,41, right
85035,113,41, right
85164,113,41, right
85292,113,41, right
85421,115,41, right
85539,115,41, right
85667,115,41, right
85796,115,41, right
85927,115,41, right
86055,115,41, right
86184,115,41, right
86312,115,41, right
86441,115,41, right
86569,115,41, right
86697,115,41, right
86826,115,41, right
86954,115,41, right
87083,115,41, right
87211,114,41, right
87329,114,41, right
87458,116,41, right
87576,116,41, right
87704,116,41, right
87833,115,41, right
87951,115,41, right
88079,117,41, right
88200,113,41, right
88317,113,41, right
88446,114,41, right
88564,114,41, right
88692,115,41, right
88810,115,41, right
88928,116,41, right
89046,116,41, right
89175,116,41, right
89293,116,41, right
89421,116,41, right
89549,116,41, right
89678,116,41, right
89806,116,41, right
89935,116,41, right
0,0,0, N/A
86,0,0, N/A
209,0,0, N/A
332,0,0, N/A
455,0,0, N/A
579,0,0, N/A
702,0,0, N/A
825,0,0, N/A
949,0,0, N/A
1072,0,0, N/A
1196,0,0, N/A
1321,0,0, N/A
1445,0,0, N/A
1570,0,0, N/A
1694,0,0, N/A
1818,0,0, N/A
1943,61,0, left
2054,61,0, left
2180,61,0, left
2305,62,0, left
2419,62,0, left
2545,62,0, left
2670,64,0, left
2782,57,0, left
2893,57,0, left
3019,57,0, left
3144,57,0, left
3269,62,0, left
3381,62,0, left
3507,62,0, left
3632,62,0, left
3744,62,0, left
3869,62,0, left
3994,62,0, left
4120,63,0, left
4232,62,0, left
4343,62,0, left
4455,60,0, left
4567,60,0, left
4692,58,0, left
4804,64,0, left
4918,64,0, left
5043,64,0, left
5169,64,0, left
5294,64,0, left
5419,64,0, left
5545,64,0, left
5670,64,0, left
5795,64,0, left
5921,64,0, left
6046,64,0, left
6171,64,0, left
6297,64,0, left
6422,64,0, left
6548,64,0, left
6673,64,0, left
6798,64,0, left
6924,64,0, left
7049,64,0, left
7175,64,0, left
7300,64,0, left
7428,64,0, left
7553,64,0, left
7679,64,0, left
7804,64,0, left
7930,64,0, left
8055,64,0, left
8180,64,0, left
8306,64,0, left
8431,64,0, left
8556,64,103, left
8672,64,103, left
8800,64,103, left
8927,64,103, left
9055,64,103, left
9182,64,103, left
9310,64,103, left
9437,64,103, left
9564,64,103, left
9692,64,103, left
9819,64,103, left
9949,64,103, left
10077,64,103, left
10205,64,103, left
10334,64,103, left
10462,64,103, left
10590,64,103, left
10719,64,103, left
10847,64,103, left
10976,64,103, left
11104,64,103, left
11233,64,103, left
11361,64,103, left
11490,64,103, left
11618,64,103, left
11747,64,103, left
11875,64,103, left
12004,64,103, left
12132,64,103, left
12263,64,103, left
12392,64,103, left
12520,64,103, left
12649,64,103, left
12777,64,103, left
12905,64,103, left
13034,64,103, left
13162,64,103, left
13291,64,103, left
13419,64,103, left
13548,64,103, left
13676,64,103, left
13805,64,103, left
13933,64,103, left
14062,64,103, left
14190,64,103, left
14319,64,103, left
14447,64,103, left
14576,64,103, left
14707,64,103, left
14835,64,103, left
14963,64,103, left
15092,64,103, left
15220,64,103, left
15349,64,103, left
15477,64,103, left
15606,64,103, left
15734,64,103, left
15863,64,103, left
15991,64,103, left
16120,64,103, left
16248,64,103, left
16377,64,103, left
16505,64,103, left
16634,64,103, left
16762,64,103, left
16890,64,103, left
17021,64,103, left
17150,64,103, left
17278,64,103, left
17407,64,103, left
17535,64,103, left
17664,64,103, left
17792,64,103, left
17921,64,103, left
18049,64,103, left
18178,64,103, left
18306,64,103, left
18435,64,103, left
18563,64,103, left
18691,64,103, left
18820,64,103, left
18948,64,103, left
19077,64,103, left
19205,64,103, left
19336,64,103, left
19465,64,103, left
19593,64,103, left
19722,64,103, left
19850,64,103, left
19979,64,103, left
20107,64,103, left
20235,64,103, left
20364,64,103, left
20492,64,103, left
20621,64,103, left
20749,64,103, left
20878,64,103, left
21006,64,103, left
21135,64,103, left
21263,64,103, left
21392,64,103, left
21520,64,103, left
21651,64,103, left
21780,64,103, left
21908,64,103, left
22037,64,103, left
22165,64,103, left
22294,64,103, left
22422,64,103, left
22550,64,103, left
22679,64,103, left
22807,64,103, left
22936,59,103, left
23051,59,103, left
23179,59,103, left
23308,59,103, left
23436,59,103, left
23565,59,103, left
23693,59,103, left
23821,59,103, left
23950,59,103, left
24081,59,103, left
24209,59,103, left
24338,59,103, left
24466,59,103, left
24595,59,103, left
24723,59,103, left
24852,59,103, left
24980,59,103, left
25109,59,103, left
25237,59,103, left
25366,59,103, left
25494,59,103, left
25623,59,103, left
25751,59,103, left
25880,59,103, left
26008,59,103, left
26137,59,103, left
26265,59,103, left
26396,59,103, left
26525,59,103, left
26653,59,103, left
26782,59,103, left
26910,59,103, left
27038,59,103, left
27167,59,103, left
27295,59,103, left
27424,59,103, left
27552,59,103, left
27681,47,103, left
27795,52,103, left
27909,52,103, left
28038,62,103, left
28153,71,103, left
28268,71,103, left
28396,73,103, left
28512,73,103, left
28643,71,103, left
28758,64,103, left
28873,64,103, left
28991,64,103, left
29119,61,103, left
29234,61,103, left
29362,61,103, left
29491,61,103, left
29619,61,103, left
29748,61,103, left
29876,64,103, left
29991,98,99, middle
30096,98,116, left
30214,114,116, middle
30333,114,116, middle
30462,50,116, left
30576,50,104, left
30694,97,100, middle
30802,97,96, middle
30918,100,96, middle
31035,100,96, middle
31163,98,90, middle
31267,93,90, middle
31383,89,105, left
31488,87,107, left
31593,96,107, left
31710,96,111, left
31828,104,111, middle
31946,104,111, middle
32076,108,111, middle
32194,105,111, middle
32313,105,111, middle
32431,114,111, middle
32550,107,111, middle
32669,97,111, left
32786,106,111, middle
32907,107,111, middle
33025,99,93, middle
33129,116,93, right
33247,101,93, middle
33364,97,93, middle
33480,89,93, middle
33595,114,93, right
33713,100,93, middle
33830,98,93, middle
33934,112,91, right
34040,96,91, middle
34156,112,91, right
34274,98,87, right
34378,100,92, middle
34483,97,92, middle
34599,98,92, middle
34703,100,90, middle
34810,89,83, middle
34913,107,83, right
35031,107,119, left
35150,100,94, middle
35255,106,94, right
35361,109,115, middle
35469,99,91, middle
35573,99,92, middle
35677,99,92, middle
35793,97,92, middle
35909,78,92, left
36012,113,100, right
36119,113,100, right
36249,99,92, middle
36353,114,93, right
36459,114,101, right
36577,114,95, right
36696,114,100, right
36814,114,94, right
36931,100,94, middle
37036,97,94, middle
37140,96,93, middle
37244,96,94, middle
37348,98,94, middle
37464,97,94, middle
37580,97,94, middle
37707,96,94, middle
37823,96,99, middle
37939,97,92, middle
38043,103,99, middle
38149,98,96, middle
38253,103,93, middle
38359,96,98, middle
38463,101,97, middle
38568,101,97, middle
38699,98,94, middle
38803,115,88, right
38909,103,88, right
39027,98,101, middle
39132,98,98, middle
39237,96,98, middle
39341,87,90, middle
39444,87,90, middle
39559,85,90, middle
39674,116,101, right
39782,86,101, left
39898,116,99, right
40005,100,104, middle
40112,96,104, middle
40229,96,118, left
40335,96,118, left
40452,98,101, middle
40560,113,118, middle
40668,96,103, middle
40774,96,100, middle
40891,107,101, middle
40998,99,101, middle
41115,100,101, middle
41233,113,100, right
41341,90,100, middle
41457,113,92, right
41563,113,95, right
41680,95,93, middle
41784,94,92, middle
41888,94,94, middle
42003,113,93, right
42109,96,97, middle
42214,95,118, left
42320,116,118, middle
42429,107,118, left
42550,114,118, middle
42669,114,118, middle
42798,99,101, middle
42904,116,101, right
43023,101,101, middle
43141,101,101, middle
43270,101,101, middle
43400,109,101, middle
43518,109,101, middle
43648,109,102, middle
43766,109,102, middle
43896,115,102, right
44015,115,102, right
44144,115,102, right
44274,115,102, right
44403,115,117, middle
44525,103,117, left
44643,99,121, left
44750,99,121, left
44867,98,118, left
44973,98,116, left
45080,97,116, left
45186,96,116, left
45303,98,116, left
45420,96,116, left
45537,99,116, left
45654,97,116, left
45771,97,116, left
45888,98,116, left
45994,98,117, left
46101,99,117, left
46207,99,117, left
46324,109,105, middle
46432,95,118, left
46538,95,118, left
46657,96,118, left
46774,96,116, left
46880,97,117, left
46987,98,117, left
47104,97,116, left
47210,97,101, middle
47316,95,101, middle
47421,97,117, left
47528,106,118, left
47636,98,117, left
47742,100,118, left
47850,98,118, left
47967,97,121, left
48073,96,120, left
48180,97,120, left
48297,115,120, middle
48416,100,120, left
48534,104,118, left
48644,103,118, left
48763,115,118, middle
48882,113,117, middle
48990,96,117, left
49096,96,117, left
49225,96,117, left
49353,102,117, left
49461,98,118, left
49568,99,119, left
49674,99,119, left
49793,110,120, middle
49901,113,120, middle
50020,98,106, middle
50126,90,106, left
50242,92,111, left
50348,90,111, left
50464,90,111, left
50595,112,111, middle
50714,96,111, left
50831,97,118, left
50937,97,118, left
51054,107,118, left
51173,100,118, left
51291,98,118, left
51408,97,117, left
51514,97,117, left
51643,99,115, left
51749,99,117, left
51856,98,117, left
51962,98,118, left
52069,97,120, left
52176,111,119, middle
52284,111,117, middle
52403,97,118, left
52510,98,121, left
52619,98,117, left
52737,98,116, left
52843,114,116, middle
52962,98,116, left
53079,98,116, left
53196,98,116, left
53324,98,116, left
53453,98,117, left
53559,98,117, left
53688,97,117, left
53805,97,117, left
53933,113,103, middle
54041,99,118, left
54147,101,115, left
54255,115,115, middle
54374,95,115, left
54491,95,118, left
54597,115,118, middle
54719,115,118, middle
54838,116,118, middle
54957,99,116, left
55063,99,122, left
55181,99,122, left
55310,99,116, left
55416,100,115, left
55524,113,120, middle
55632,113,116, middle
55752,113,124, left
55871,113,119, middle
55990,113,117, middle
56109,96,117, left
56226,116,122, middle
56335,100,117, left
56443,101,114, left
56550,96,118, left
56659,116,118, middle
56778,87,118, left
56895,85,126, left
57001,85,126, left
57117,85,118, left
57235,96,105, middle
57341,94,105, left
57457,116,100, right
57565,85,100, left
57681,99,118, left
57788,97,118, left
57894,97,118, left
58001,97,120, left
58107,85,121, left
58213,95,118, left
58320,97,119, left
58426,113,120, middle
58535,104,116, left
58645,97,118, left
58752,99,116, left
58858,98,117, left
58965,99,118, left
59071,97,116, left
59178,86,122, left
59284,85,119, left
59390,85,124, left
59496,115,120, middle
59604,115,120, middle
59723,115,120, middle
59853,88,120, left
59969,88,122, left
60088,88,122, left
60216,98,118, left
60323,116,118, middle
60442,97,118, left
60548,97,107, middle
60656,97,118, left
60775,98,114, left
60881,93,110, left
60987,107,104, middle
61094,101,99, middle
61200,110,97, right
61306,97,94, middle
61410,97,94, middle
61537,97,88, middle
61652,97,88, middle
61780,97,88, middle
61896,97,88, middle
62023,114,88, right
62141,114,88, right
62269,115,88, right
62387,117,53, right
62491,110,54, right
62595,121,54, right
62701,121,54, right
62830,115,54, right
62934,93,50, right
63035,93,50, right
63163,96,50, right
63278,99,50, right
63394,99,50, right
63522,99,50, right
63638,97,50, right
63754,97,50, right
63881,99,50, right
63997,97,53, right
64099,97,53, right
64226,90,53, right
64342,89,53, right
64457,90,53, right
64573,98,57, right
64675,98,57, right
64791,97,56, right
64893,96,55, right
64994,97,55, right
65110,99,55, right
65226,89,55, right
65342,88,55, right
65457,91,55, right
65572,89,55, right
65688,90,55, right
65803,90,55, right
65931,99,55, right
66047,97,55, right
66163,96,55, right
66278,90,55, right
66394,89,55, right
66509,97,55, right
66625,97,55, right
66753,96,55, right
66871,90,55, right
66994,90,55, right
67109,90,55, right
67236,89,55, right
67338,90,55, right
67453,96,55, right
67569,89,48, right
67670,91,71, right
67772,90,71, right
67888,89,71, right
68003,89,71, right
68118,90,71, right
68234,89,71, right
68336,91,71, right
68451,89,71, right
68567,96,71, right
68682,89,71, right
68798,97,71, right
68916,97,71, right
69032,89,71, right
69147,89,71, right
69263,89,71, right
69390,89,71, right
69506,89,71, right
69633,97,71, right
69749,89,71, right
69865,92,71, right
69980,89,71, right
70096,89,71, right
70211,89,71, right
70327,89,71, right
70442,89,71, right
70557,89,71, right
70673,89,71, right
70788,89,71, right
70904,89,71, right
71019,87,71, right
71137,87,71, right
71252,86,71, right
71367,87,71, right
71482,91,71, right
71598,89,71, right
71713,89,71, right
71829,89,71, right
71944,89,71, right
72060,89,71, right
72175,89,71, right
72290,89,71, right
72406,89,71, right
72521,91,71, right
72637,87,71, right
72752,89,71, right
72867,89,71, right
72983,87,71, right
73098,90,71, right
73216,87,71, right
73331,90,71, right
73447,99,71, right
73563,87,71, right
73678,87,71, right
73806,100,71, right
73923,98,71, right
74039,98,71, right
74155,96,71, right
74270,98,71, right
74386,98,71, right
74514,100,71, right
74631,98,71, right
74747,98,71, right
74874,98,71, right
75002,97,71, right
75117,97,71, right
75245,97,71, right
75363,99,71, right
75479,96,71, right
75595,95,71, right
75711,100,71, right
75828,96,71, right
75943,103,71, right
76061,100,71, right
76178,100,71, right
76306,98,71, right
76422,96,71, right
76538,96,71, right
76653,96,71, right
76769,97,71, right
76885,98,71, right
77001,96,71, right
77117,96,71, right
77244,96,71, right
77371,100,71, right
77491,100,71, right
77619,96,71, right
77735,98,71, right
77851,98,71, right
77967,90,71, right
78082,90,71, right
78198,90,71, right
78313,89,71, right
78429,90,71, right
78544,98,71, right
78660,98,71, right
78787,89,71, right
78903,89,71, right
79018,92,71, right
79134,89,71, right
79249,89,71, right
79377,92,71, right
79492,102,71, right
79609,89,71, right
79727,96,71, right
79843,98,71, right
79959,98,71, right
80075,96,71, right
80190,100,71, right
80307,90,71, right
80423,89,71, right
80538,89,71, right
80654,89,71, right
80781,89,71, right
80908,89,71, right
81036,96,71, right
81152,101,71, right
81269,89,71, right
81384,89,71, right
81499,89,71, right
81615,87,71, right
81730,89,71, right
81848,87,71, right
81963,100,71, right
82080,90,71, right
82196,98,71, right
82312,98,71, right
82428,114,71, right
82545,99,71, right
82661,90,71, right
82777,96,71, right
82893,98,71, right
83008,96,71, right
83124,99,71, right
83240,99,71, right
83368,98,71, right
83483,96,71, right
83599,98,71, right
83715,100,71, right
83832,99,71, right
83951,97,71, right
84066,97,71, right
84182,101,71, right
84299,99,71, right
84415,116,71, right
84533,97,71, right
84649,97,71, right
84765,95,71, right
84881,99,71, right
84997,97,71, right
85112,97,71, right
85228,99,71, right
85344,97,71, right
85460,97,71, right
85587,99,71, right
85703,97,71, right
85819,97,71, right
85935,97,71, right
86053,101,71, right
86170,101,71, right
86299,97,71, right
86415,95,71, right
86531,97,71, right
86646,95,71, right
86762,116,71, right
86880,97,71, right
86996,99,71, right
87112,97,71, right
87228,97,71, right
87343,116,71, right
87461,118,71, right
87579,99,71, right
87695,97,71, right
87811,98,71, right
87927,116,71, right
88045,100,71, right
88165,100,71, right
88293,98,71, right
88409,94,71, right
88525,94,71, right
88652,98,71, right
88768,98,71, right
88896,95,71, right
89011,116,71, right
89129,95,71, right
89245,95,71, right
89372,95,71, right
89500,97,71, right
89616,95,71, right
89731,95,71, right
89859,98,71, right
89975,95,71, right
0,0,0, N/A
86,60,0, left
196,57,0, left
306,57,0, left
417,57,0, left
527,57,0, left
638,57,0, left
748,60,0, left
859,57,0, left
969,56,0, left
1080,56,0, left
1191,61,0, left
1303,64,0, left
1415,64,0, left
1540,61,0, left
1652,61,0, left
1764,61,0, left
1876,62,0, left
1987,62,0, left
2115,62,0, left
2241,58,0, left
2352,58,0, left
2464,57,0, left
2575,60,0, left
2687,57,0, left
2798,57,0, left
2910,60,0, left
3021,61,0, left
3133,63,0, left
3245,63,0, left
3357,63,0, left
3482,63,0, left
3607,63,0, left
3733,60,0, left
3844,60,0, left
3956,60,0, left
4068,60,0, left
4179,59,0, left
4291,62,0, left
4403,60,0, left
4517,60,0, left
4629,60,0, left
4740,57,0, left
4852,56,0, left
4963,58,0, left
5075,58,0, left
5186,58,0, left
5312,58,0, left
5437,59,0, left
5549,58,0, left
5660,57,0, left
5772,58,0, left
5970,58,0, left
6096,58,0, left
6221,58,0, left
6346,58,0, left
6472,58,0, left
6597,58,0, left
6722,58,0, left
6848,58,0, left
6975,58,0, left
7101,64,0, left
7213,63,0, left
7324,63,0, left
7436,63,0, left
7561,63,0, left
7687,63,0, left
7812,57,0, left
7924,57,0, left
8049,57,0, left
8174,57,0, left
8300,57,0, left
8425,57,0, left
8550,57,0, left
8676,57,0, left
8801,57,0, left
8926,57,0, left
9052,57,0, left
9177,57,0, left
9302,57,0, left
9427,57,120, left
9547,57,120, left
9674,57,120, left
9802,57,120, left
9929,57,120, left
10057,57,120, left
10185,57,120, left
10314,57,120, left
10442,57,120, left
10570,57,120, left
10699,57,120, left
10827,57,120, left
10956,57,120, left
11084,57,120, left
11213,57,120, left
11341,57,120, left
11470,57,120, left
11598,57,120, left
11726,57,120, left
11857,57,120, left
11986,57,120, left
12114,57,120, left
12243,57,120, left
12371,57,120, left
12500,57,120, left
12628,57,120, left
12757,57,120, left
12885,57,120, left
13013,57,120, left
13142,57,120, left
13270,57,120, left
13399,57,120, left
13527,57,120, left
13656,57,120, left
13784,57,120, left
13913,57,103, left
14030,57,103, left
14161,57,105, left
14278,57,105, left
14406,57,105, left
14535,57,105, left
14663,57,105, left
14792,57,105, left
14920,57,105, left
15049,57,105, left
15177,57,105, left
15306,57,105, left
15434,57,105, left
15562,57,105, left
15691,57,105, left
15819,57,105, left
15948,57,105, left
16076,57,105, left
16205,57,105, left
16333,57,105, left
16462,57,105, left
16592,57,105, left
16721,57,105, left
16849,57,105, left
16978,57,105, left
17106,57,105, left
17235,57,105, left
17363,57,105, left
17492,57,105, left
17620,57,105, left
17748,57,105, left
17877,57,105, left
18005,57,105, left
18134,57,105, left
18262,57,105, left
18391,57,105, left
18519,57,105, left
18648,57,105, left
18776,57,105, left
18907,57,105, left
19035,57,105, left
19164,57,105, left
19292,57,105, left
19421,57,105, left
19549,57,105, left
19678,57,105, left
19806,57,105, left
19935,57,105, left
20063,57,105, left
20191,57,105, left
20320,57,105, left
20448,57,105, left
20577,57,105, left
20705,57,105, left
20834,57,105, left
20962,57,105, left
21091,57,105, left
21221,57,105, left
21350,57,105, left
21478,57,105, left
21607,57,105, left
21735,57,105, left
21864,57,105, left
21992,57,105, left
22121,57,105, left
22249,57,105, left
22378,57,105, left
22506,57,105, left
22634,57,105, left
22763,57,105, left
22891,57,105, left
23020,57,105, left
23148,57,105, left
23277,57,105, left
23405,57,105, left
23534,57,105, left
23660,57,105, left
23789,57,105, left
23917,57,105, left
24045,57,105, left
24174,57,105, left
24302,57,105, left
24431,57,105, left
24559,57,105, left
24688,57,105, left
24816,57,105, left
24945,57,105, left
25073,57,105, left
25201,57,105, left
25330,57,105, left
25458,57,105, left
25587,57,105, left
25715,57,105, left
25844,57,105, left
25975,61,105, left
26089,61,105, left
26218,61,105, left
26346,61,105, left
26475,61,105, left
26603,61,105, left
26732,61,105, left
26860,61,105, left
26989,61,105, left
27117,61,105, left
27246,61,105, left
27374,61,105, left
27502,61,105, left
27631,61,105, left
27759,61,105, left
27888,61,105, left
28016,61,105, left
28145,61,105, left
28276,61,105, left
28404,61,105, left
28533,61,105, left
28661,61,105, left
28790,61,105, left
28918,61,105, left
29046,61,105, left
29175,61,105, left
29303,61,105, left
29432,61,105, left
29560,61,105, left
29689,61,105, left
29817,61,119, left
29935,61,119, left
30064,64,119, left
30179,55,101, left
30282,55,101, left
30410,55,101, left
30541,55,95, left
30657,55,95, left
30784,55,95, left
30912,61,112, left
31016,98,112, left
31133,98,67, right
31235,100,67, right
31352,108,67, right
31470,113,67, right
31588,116,74, right
31693,111,90, right
31798,107,90, right
31916,110,88, right
32021,105,94, right
32127,103,96, middle
32232,98,89, middle
32336,103,89, right
32453,102,89, right
32573,108,111, middle
32681,106,99, middle
32786,109,99, middle
32904,98,112, left
33010,115,112, middle
33129,109,94, right
33235,109,94, right
33352,122,89, right
33458,122,89, right
33586,120,92, right
33693,112,89, right
33798,119,89, right
33904,119,94, right
34021,119,92, right
34138,116,92, right
34255,114,90, right
34361,116,90, right
34467,115,90, right
34576,113,90, right
34693,113,93, right
34799,114,90, right
34905,121,92, right
35011,114,94, right
35117,116,89, right
35223,98,94, middle
35328,117,99, right
35434,115,99, right
35552,115,99, right
35680,119,99, right
35798,117,99, right
35916,117,99, right
36045,115,99, right
36163,116,99, right
36281,116,99, right
36409,113,99, right
36529,118,99, right
36647,118,99, right
36776,121,99, right
36894,120,99, right
37012,121,99, right
37130,118,99, right
37248,118,99, right
37366,118,99, right
37495,118,89, right
37611,118,88, right
37728,111,90, right
37833,115,90, right
37951,110,90, right
38069,116,90, right
38187,113,90, right
38304,113,90, right
38422,113,90, right
38551,109,90, right
38671,112,98, right
38777,117,98, right
38895,116,98, right
39013,113,98, right
39130,105,98, middle
39248,107,97, middle
39354,113,117, middle
39462,113,95, right
39579,112,94, right
39685,116,102, right
39792,122,96, right
39899,121,90, right
40005,121,91, right
40122,117,88, right
40227,115,92, right
40333,115,94, right
40440,116,94, right
40558,116,99, right
40666,117,98, right
40773,117,98, right
40891,118,98, right
41009,118,98, right
41127,118,95, right
41233,116,95, right
41351,115,95, right
41457,116,108, middle
41566,116,102, right
41673,116,96, right
41779,116,93, right
41886,116,93, right
42003,116,93, right
42121,116,94, right
42228,118,94, right
42346,116,94, right
42464,117,94, right
42584,117,94, right
42690,117,93, right
42796,120,93, right
42915,120,93, right
43043,120,95, right
43160,120,91, right
43276,120,95, right
43393,119,92, right
43499,119,92, right
43628,116,92, right
43746,115,110, middle
43854,115,110, middle
43983,115,110, middle
44102,115,110, middle
44221,116,110, middle
44340,115,102, right
44448,115,92, right
44567,117,94, right
44673,117,92, right
44779,118,91, right
44885,118,94, right
44992,117,94, right
45098,118,92, right
45204,118,94, right
45310,114,93, right
45416,118,90, right
45522,120,91, right
45629,118,92, right
45735,117,93, right
45841,120,92, right
45947,117,92, right
46053,120,94, right
46160,118,92, right
46266,117,100, right
46373,117,94, right
46482,117,97, right
46588,117,97, right
46706,120,97, right
46825,116,95, right
46931,117,98, right
47037,116,98, right
47144,116,93, right
47261,116,93, right
47377,116,94, right
47483,117,94, right
47601,117,95, right
47708,117,96, right
47814,121,96, right
47932,115,96, right
48050,116,96, right
48168,119,96, right
48286,119,99, right
48403,119,97, right
48522,119,97, right
48641,116,100, right
48748,116,96, right
48865,116,99, right
48972,116,101, right
49079,117,96, right
49186,116,96, right
49304,116,96, right
49422,120,91, right
49528,116,91, right
49634,116,91, right
49762,117,91, right
49880,117,99, right
49997,117,102, right
50115,117,102, right
50245,117,102, right
50364,117,97, right
50473,117,98, right
50590,117,97, right
50707,117,98, right
50823,117,101, right
50942,117,98, right
51058,117,98, right
51187,117,98, right
51315,117,98, right
51444,117,98, right
51572,117,101, right
51690,117,103, right
51809,117,103, right
51938,117,103, right
52068,117,92, right
52184,117,89, right
52301,117,95, right
52417,117,92, right
52534,117,90, right
52653,117,92, right
52769,117,100, right
52887,117,100, right
53017,117,98, right
53134,117,98, right
53262,117,98, right
53391,117,98, right
53519,115,98, right
53637,115,95, right
53743,117,95, right
53850,117,95, right
53978,117,95, right
54106,117,95, right
54235,117,95, right
54363,117,95, right
54492,115,95, right
54610,115,95, right
54741,115,95, right
54869,115,95, right
54998,115,95, right
55116,115,99, right
55232,115,99, right
55361,116,98, right
55467,116,96, right
55584,116,96, right
55713,116,96, right
55829,116,96, right
55958,116,92, right
56074,116,97, right
56191,116,100, right
56309,116,98, right
56426,115,100, right
56534,115,97, right
56640,115,94, right
56757,115,98, right
56876,115,94, right
56993,115,98, right
57099,115,95, right
57205,115,96, right
57312,115,98, right
57428,115,98, right
57535,115,98, right
57641,115,98, right
57770,115,99, right
57887,115,100, right
58005,115,99, right
58122,115,99, right
58250,115,99, right
58357,115,99, right
58485,115,99, right
58613,115,99, right
58742,115,99, right
58851,115,99, right
58979,115,99, right
59108,115,91, right
59224,115,93, right
59341,113,93, right
59459,108,68, right
59563,108,68, right
59691,98,68, right
59807,98,94, middle
59923,98,55, right
60036,98,88, middle
60152,98,88, middle
60279,98,88, middle
60406,112,88, right
60524,112,55, right
60639,112,55, right
60767,112,60, right
60882,112,60, right
61013,112,49, right
61127,118,48, right
61231,118,48, right
61359,118,48, right
61487,117,62, right
61592,116,62, right
61710,116,52, right
61824,116,52, right
61952,116,53, right
62067,116,55, right
62181,117,55, right
62299,117,55, right
62414,117,54, right
62528,117,54, right
62657,120,54, right
62775,117,54, right
62893,113,54, right
63011,116,54, right
63131,115,54, right
63249,115,54, right
63367,115,54, right
63485,113,54, right
63603,115,54, right
63720,115,54, right
63849,115,54, right
63967,115,54, right
64095,117,54, right
64213,117,54, right
64342,119,54, right
64460,119,54, right
64588,119,54, right
64717,119,54, right
64845,117,54, right
64963,117,54, right
65092,117,54, right
65222,118,54, right
65341,118,54, right
65469,118,54, right
65597,115,54, right
65715,117,54, right
65833,121,54, right
65952,115,54, right
66070,119,54, right
66188,119,54, right
66306,119,54, right
66434,119,54, right
66563,119,54, right
66691,119,54, right
66820,119,54, right
66948,119,54, right
67077,119,54, right
67205,119,54, right
67333,117,54, right
67454,117,54, right
67582,117,54, right
67711,117,54, right
67839,117,54, right
67968,117,54, right
68096,117,54, right
68225,117,54, right
68353,117,54, right
68481,117,54, right
68610,117,54, right
68738,117,54, right
68867,117,54, right
68995,117,54, right
69124,117,54, right
69252,117,54, right
69381,117,54, right
69509,117,54, right
69637,117,54, right
69768,117,54, right
69897,117,54, right
70025,117,54, right
70154,117,54, right
70282,117,54, right
70411,117,54, right
70539,117,54, right
70668,117,54, right
70796,117,54, right
70925,117,54, right
71053,117,54, right
71182,117,54, right
71310,117,54, right
71439,117,54, right
71568,117,54, right
71696,117,54, right
71825,117,54, right
71956,117,54, right
72084,117,54, right
72213,117,54, right
72341,117,54, right
72469,117,54, right
72598,117,54, right
72726,117,54, right
72855,117,54, right
72983,117,54, right
73112,117,54, right
73240,117,54, right
73369,117,54, right
73497,117,54, right
73626,117,54, right
73754,117,54, right
73882,117,54, right
74011,117,54, right
74139,117,54, right
74270,117,54, right
74399,117,54, right
74527,117,54, right
74656,117,54, right
74784,117,54, right
74913,117,54, right
75041,117,54, right
75169,117,54, right
75298,117,54, right
75426,117,54, right
75555,117,54, right
75683,117,54, right
75812,117,54, right
75940,117,54, right
76069,117,54, right
76197,117,54, right
76325,117,54, right
76454,117,54, right
76585,117,54, right
76713,117,54, right
76842,117,54, right
76970,117,54, right
77099,117,54, right
77227,117,54, right
77355,117,54, right
77484,117,54, right
77612,117,54, right
77741,117,54, right
77869,117,54, right
77998,117,54, right
78126,117,54, right
78255,117,54, right
78383,117,54, right
78511,117,54, right
78640,117,54, right
78771,117,54, right
78899,117,54, right
79028,117,54, right
79156,117,54, right
79285,117,54, right
79413,117,54, right
79542,117,54, right
79670,117,54, right
79798,117,54, right
79927,117,54, right
80055,117,54, right
80184,117,54, right
80312,117,54, right
80441,117,54, right
80569,117,54, right
80698,117,54, right
80826,117,54, right
80954,117,54, right
81085,117,54, right
81214,117,54, right
81342,117,54, right
81471,117,54, right
81599,117,54, right
81728,117,54, right
81856,117,54, right
81984,117,54, right
82113,117,54, right
82241,117,54, right
82370,117,54, right
82498,117,54, right
82627,117,54, right
82755,117,54, right
82884,117,54, right
83012,117,54, right
83140,117,54, right
83269,117,54, right
83400,117,54, right
83528,117,54, right
83657,117,54, right
83785,117,54, right
83914,117,54, right
84042,117,54, right
84171,117,54, right
84299,117,54, right
84427,117,54, right
84556,117,54, right
84684,117,54, right
84813,117,54, right
84941,117,54, right
85070,117,54, right
85198,117,54, right
85327,117,54, right
85455,117,54, right
85586,117,54, right
85714,117,54, right
85843,117,54, right
85971,117,54, right
86100,117,54, right
86228,117,54, right
86357,117,54, right
86485,117,54, right
86614,117,54, right
86742,117,54, right
86870,117,54, right
86999,117,54, right
87127,117,54, right
87256,117,54, right
87384,117,54, right
87513,117,54, right
87641,117,54, right
87770,117,54, right
87900,117,54, right
88029,117,54, right
88157,117,54, right
88286,117,54, right
88414,117,54, right
88543,117,54, right
88671,117,54, right
88800,117,54, right
88928,117,54, right
89056,117,54, right
89185,117,54, right
89313,117,54, right
89442,117,54, right
89570,117,54, right
89699,117,54, right
89827,117,54, right
89956,117,54, right
